time_ground,flux_ground
5.081006200000000206e+01,9.994340000000000446e-01
5.081353500000000167e+01,1.001344999999999930e+00
5.081700699999999671e+01,9.989080000000000181e-01
5.082047899999999885e+01,1.002426999999999957e+00
5.082395100000000099e+01,1.000564999999999927e+00
5.082742300000000313e+01,1.000987000000000071e+00
5.083089499999999816e+01,1.003424000000000094e+00
5.083436700000000030e+01,1.000026999999999999e+00
5.083783900000000244e+01,9.992590000000000083e-01
5.084131200000000206e+01,1.002669000000000032e+00
5.084478399999999709e+01,1.000224999999999920e+00
5.084825599999999923e+01,9.993980000000000086e-01
5.085172800000000137e+01,9.997709999999999653e-01
5.085520000000000351e+01,1.000050000000000106e+00
5.085867199999999855e+01,1.000229000000000035e+00
5.086214400000000069e+01,9.994039999999999591e-01
5.086561600000000283e+01,1.000320000000000098e+00
5.086908900000000244e+01,1.001112999999999920e+00
5.087256099999999748e+01,9.995319999999999760e-01
5.087603299999999962e+01,1.000027999999999917e+00
5.087950500000000176e+01,1.000102999999999964e+00
5.088297699999999679e+01,9.991799999999999571e-01
5.088644899999999893e+01,9.999339999999999895e-01
5.088992100000000107e+01,1.000118000000000062e+00
5.089339300000000321e+01,9.992010000000000058e-01
5.089686499999999825e+01,9.993509999999999893e-01
5.090033799999999786e+01,9.991170000000000329e-01
5.090381000000000000e+01,1.000841000000000092e+00
5.090728200000000214e+01,9.994859999999999856e-01
5.091075399999999718e+01,9.945119999999999516e-01
5.091422599999999932e+01,9.926540000000000363e-01
5.091769800000000146e+01,9.922569999999999446e-01
5.092116999999999649e+01,9.919989999999999641e-01
5.092464199999999863e+01,9.926289999999999836e-01
5.092811499999999825e+01,9.923530000000000406e-01
5.093158700000000039e+01,9.932520000000000238e-01
5.093505900000000253e+01,9.927960000000000118e-01
5.093853099999999756e+01,9.979320000000000412e-01
5.094200299999999970e+01,9.990580000000000016e-01
5.094547500000000184e+01,1.000011999999999901e+00
5.094894699999999688e+01,1.000347000000000097e+00
5.095241899999999902e+01,9.996399999999999730e-01
5.095589199999999863e+01,1.000389999999999890e+00
5.095936400000000077e+01,9.996760000000000090e-01
5.096283600000000291e+01,9.997129999999999628e-01
5.096630799999999795e+01,1.000350000000000072e+00
5.096978000000000009e+01,1.000726999999999922e+00
5.097325200000000223e+01,1.000855000000000050e+00
5.097672399999999726e+01,1.000345000000000040e+00
5.098019599999999940e+01,1.000132999999999939e+00
5.098366899999999902e+01,1.000326000000000048e+00
5.098714100000000116e+01,1.000380000000000047e+00
5.099061300000000330e+01,1.000588000000000033e+00
5.099408499999999833e+01,1.000609000000000082e+00
5.099755700000000047e+01,1.000739999999999963e+00
5.100102900000000261e+01,9.994849999999999568e-01
5.100450099999999765e+01,1.000599000000000016e+00
5.100797299999999979e+01,1.000329999999999941e+00
5.101144599999999940e+01,9.998080000000000300e-01
5.101491800000000154e+01,9.999320000000000430e-01
5.101838999999999658e+01,9.992130000000000178e-01
5.102186199999999872e+01,9.989609999999999879e-01
5.102533400000000086e+01,9.993090000000000028e-01
5.102880600000000300e+01,1.001117999999999952e+00
5.103227799999999803e+01,9.998099999999999765e-01
5.103575000000000017e+01,9.997430000000000483e-01
5.103922299999999979e+01,1.000461999999999962e+00
5.104269500000000193e+01,1.000879999999999992e+00
5.104616699999999696e+01,1.000939999999999941e+00
5.104963899999999910e+01,1.000498000000000109e+00
5.105311100000000124e+01,9.992999999999999661e-01
5.105658300000000338e+01,1.000315999999999983e+00
5.106005499999999842e+01,1.000127999999999906e+00
5.106352700000000056e+01,1.000040000000000040e+00
5.106699900000000270e+01,9.996049999999999658e-01
5.107047200000000231e+01,9.995800000000000241e-01
5.107394399999999735e+01,1.000515999999999961e+00
5.107741599999999949e+01,1.000663999999999998e+00
5.108088800000000163e+01,9.997669999999999613e-01
5.108435999999999666e+01,9.992969999999999908e-01
5.108783199999999880e+01,1.000531999999999977e+00
5.109130400000000094e+01,1.000166000000000111e+00
5.109477600000000308e+01,9.991849999999999898e-01
5.109824900000000270e+01,1.000043999999999933e+00
5.110172099999999773e+01,1.000409000000000104e+00
5.110519299999999987e+01,1.000359999999999916e+00
5.110866500000000201e+01,1.000650999999999957e+00
5.111213699999999704e+01,9.989069999999999894e-01
5.111560899999999918e+01,1.000134999999999996e+00
5.111908100000000132e+01,9.999949999999999672e-01
5.112255300000000346e+01,9.994469999999999743e-01
5.112602600000000308e+01,9.987909999999999844e-01
5.112949799999999811e+01,1.001668999999999921e+00
5.113297000000000025e+01,9.997789999999999733e-01
5.113644200000000239e+01,9.998350000000000293e-01
5.113991399999999743e+01,9.994610000000000438e-01
5.114338599999999957e+01,9.999090000000000478e-01
5.114685800000000171e+01,9.999930000000000208e-01
5.115032999999999674e+01,1.000945999999999891e+00
5.115380300000000346e+01,1.000534999999999952e+00
5.115727499999999850e+01,1.000131000000000103e+00
5.116074700000000064e+01,1.000837999999999894e+00
5.116421900000000278e+01,1.000537000000000010e+00
5.116769099999999781e+01,9.997800000000000020e-01
5.117116299999999995e+01,1.000280999999999976e+00
5.117463500000000209e+01,1.000042000000000098e+00
5.117810699999999713e+01,9.994180000000000286e-01
5.118157999999999674e+01,1.000348000000000015e+00
5.118505199999999888e+01,1.000588000000000033e+00
5.118852400000000102e+01,1.000343999999999900e+00
5.119199600000000316e+01,9.991379999999999706e-01
5.119546799999999820e+01,9.993670000000000053e-01
5.119894000000000034e+01,9.991820000000000146e-01
5.120241200000000248e+01,1.000075000000000047e+00
5.120588399999999751e+01,1.000337999999999949e+00
5.120935599999999965e+01,1.000151000000000012e+00
5.121282899999999927e+01,1.000242000000000075e+00
5.121630100000000141e+01,1.000259000000000009e+00
5.121977300000000355e+01,9.999770000000000048e-01
5.122324499999999858e+01,1.000385000000000080e+00
5.122671700000000072e+01,9.993570000000000508e-01
5.123018900000000286e+01,1.000291999999999959e+00
5.123366099999999790e+01,9.998909999999999743e-01
5.123713300000000004e+01,9.990289999999999448e-01
5.124060599999999965e+01,9.996580000000000465e-01
5.124407800000000179e+01,9.991959999999999731e-01
5.124754999999999683e+01,1.000407000000000046e+00
5.125102199999999897e+01,9.997519999999999740e-01
5.125449400000000111e+01,1.001254000000000088e+00
5.125796600000000325e+01,9.999970000000000248e-01
5.126143799999999828e+01,9.999989999999999712e-01
5.126491000000000042e+01,9.992290000000000338e-01
5.126838300000000004e+01,9.996599999999999930e-01
5.127185500000000218e+01,9.995290000000000008e-01
5.127532699999999721e+01,9.999740000000000295e-01
5.127879899999999935e+01,1.000318999999999958e+00
5.128227100000000149e+01,1.000671000000000088e+00
5.128574299999999653e+01,1.000580999999999943e+00
5.128921499999999867e+01,1.000437000000000021e+00
5.129268700000000081e+01,1.000302999999999942e+00
5.129616000000000042e+01,9.994359999999999911e-01
5.129963200000000256e+01,9.995779999999999665e-01
5.130310399999999760e+01,9.992410000000000458e-01
5.130657599999999974e+01,9.998700000000000365e-01
5.131004800000000188e+01,1.000490000000000101e+00
5.131351999999999691e+01,9.991630000000000233e-01
5.131699199999999905e+01,9.998249999999999638e-01
5.132046400000000119e+01,1.000061000000000089e+00
5.132393700000000081e+01,9.999190000000000023e-01
5.132740900000000295e+01,9.997690000000000188e-01
5.133088099999999798e+01,9.997270000000000323e-01
5.133435300000000012e+01,9.995789999999999953e-01
5.133782500000000226e+01,9.998320000000000540e-01
5.134129699999999730e+01,9.991959999999999731e-01
5.134476899999999944e+01,1.000200999999999896e+00
5.134824100000000158e+01,1.000353000000000048e+00
5.135171400000000119e+01,9.995829999999999993e-01
5.135518600000000333e+01,1.000661000000000023e+00
5.135865799999999837e+01,9.995290000000000008e-01
5.136213000000000051e+01,9.990160000000000151e-01
5.136560200000000265e+01,9.999040000000000150e-01
5.136907399999999768e+01,1.000639000000000056e+00
5.137254599999999982e+01,9.992699999999999916e-01
5.137601800000000196e+01,1.000459999999999905e+00
5.137948999999999700e+01,1.000372999999999957e+00
5.138296299999999661e+01,1.000601000000000074e+00
5.138643499999999875e+01,9.996709999999999763e-01
5.138990700000000089e+01,1.000739000000000045e+00
5.139337900000000303e+01,9.989700000000000246e-01
5.139685099999999807e+01,1.000078999999999940e+00
5.140032300000000021e+01,9.989320000000000421e-01
5.140379500000000235e+01,1.000064999999999982e+00
5.140726699999999738e+01,1.000729999999999897e+00
5.141073999999999700e+01,9.995119999999999560e-01
5.141421199999999914e+01,9.996230000000000393e-01
5.141768400000000128e+01,1.000335999999999892e+00
5.142115600000000342e+01,1.001190000000000024e+00
5.142462799999999845e+01,1.000528000000000084e+00
5.142810000000000059e+01,1.000153999999999987e+00
5.143157200000000273e+01,1.000545000000000018e+00
5.143504399999999777e+01,1.000000999999999918e+00
5.143851699999999738e+01,9.994899999999999896e-01
5.144198899999999952e+01,9.997730000000000228e-01
5.144546100000000166e+01,9.990160000000000151e-01
5.144893299999999670e+01,9.997840000000000060e-01
5.145240499999999884e+01,9.992980000000000196e-01
5.145587700000000098e+01,9.991769999999999818e-01
5.145934900000000312e+01,1.000945999999999891e+00
5.146282099999999815e+01,9.994039999999999591e-01
5.146629399999999777e+01,9.994399999999999951e-01
5.146976599999999991e+01,1.000059999999999949e+00
5.147323800000000205e+01,1.001695000000000002e+00
5.147670999999999708e+01,9.999109999999999943e-01
5.148018199999999922e+01,9.994669999999999943e-01
5.148365400000000136e+01,9.993229999999999613e-01
5.148712600000000350e+01,9.999590000000000423e-01
5.149059799999999854e+01,1.000178999999999929e+00
5.149407099999999815e+01,9.995540000000000536e-01
5.149754300000000029e+01,1.000550000000000050e+00
5.150101500000000243e+01,9.995000000000000551e-01
5.150448699999999747e+01,1.000869999999999926e+00
5.150795899999999961e+01,1.000254999999999894e+00
5.151143100000000175e+01,1.000016000000000016e+00
5.151490299999999678e+01,1.000226999999999977e+00
5.151837499999999892e+01,9.997179999999999955e-01
5.152184700000000106e+01,9.997690000000000188e-01
5.152532000000000068e+01,9.995270000000000543e-01
5.152879200000000282e+01,9.994410000000000238e-01
5.153226399999999785e+01,1.000442000000000053e+00
5.153573599999999999e+01,9.999930000000000208e-01
5.153920800000000213e+01,1.001017000000000046e+00
5.154267999999999716e+01,9.998740000000000405e-01
5.154615199999999930e+01,9.989810000000000079e-01
5.154962400000000144e+01,9.995600000000000041e-01
5.155309700000000106e+01,1.000235999999999903e+00
5.155656900000000320e+01,9.992550000000000043e-01
5.156004099999999823e+01,1.000715000000000021e+00
5.156351300000000037e+01,9.996009999999999618e-01
5.156698500000000251e+01,1.000660000000000105e+00
5.157045699999999755e+01,1.000313000000000008e+00
5.157392899999999969e+01,1.000173999999999896e+00
5.157740100000000183e+01,1.000083000000000055e+00
5.158087400000000144e+01,1.001557999999999948e+00
5.158434599999999648e+01,9.999360000000000470e-01
5.158781799999999862e+01,1.000064000000000064e+00
5.159129000000000076e+01,9.996080000000000521e-01
5.159476200000000290e+01,9.989649999999999919e-01
5.159823399999999793e+01,9.999940000000000495e-01
5.160170600000000007e+01,9.999419999999999975e-01
5.160517800000000221e+01,9.995159999999999600e-01
5.160865100000000183e+01,9.998899999999999455e-01
5.161212299999999686e+01,1.000350000000000072e+00
5.161559499999999900e+01,1.000151000000000012e+00
5.161906700000000114e+01,1.000191999999999970e+00
5.162253900000000328e+01,9.989860000000000406e-01
5.162601099999999832e+01,1.000579000000000107e+00
5.162948300000000046e+01,9.994809999999999528e-01
5.163295500000000260e+01,9.998380000000000045e-01
5.163642800000000221e+01,9.999440000000000550e-01
5.163989999999999725e+01,9.995789999999999953e-01
5.164337199999999939e+01,1.000458000000000069e+00
5.164684400000000153e+01,9.996129999999999738e-01
5.165031599999999656e+01,1.000216999999999912e+00
5.165378799999999870e+01,1.000337000000000032e+00
5.165726000000000084e+01,1.000866999999999951e+00
5.166073200000000298e+01,1.001255999999999924e+00
5.166420500000000260e+01,1.000798999999999994e+00
5.166767699999999763e+01,1.000437000000000021e+00
5.167114899999999977e+01,9.991320000000000201e-01
5.167462100000000191e+01,1.001098000000000043e+00
5.167809299999999695e+01,9.991870000000000474e-01
5.168156499999999909e+01,9.977909999999999835e-01
5.168503700000000123e+01,1.000539000000000067e+00
5.168850900000000337e+01,1.000513999999999903e+00
5.169198099999999840e+01,1.001285999999999898e+00
5.169545399999999802e+01,9.984560000000000102e-01
5.169892600000000016e+01,9.990409999999999568e-01
5.170239800000000230e+01,1.001856000000000080e+00
5.170586999999999733e+01,1.000594999999999901e+00
5.170934199999999947e+01,1.000879999999999992e+00
5.171281400000000161e+01,1.000985000000000014e+00
5.171628599999999665e+01,9.987960000000000171e-01
5.171975799999999879e+01,1.003344000000000014e+00
5.172323099999999840e+01,1.000698000000000087e+00
5.172670300000000054e+01,9.987719999999999931e-01
5.173017500000000268e+01,9.995939999999999825e-01
5.173364699999999772e+01,1.000402999999999931e+00
5.173711899999999986e+01,1.001120000000000010e+00
5.174059100000000200e+01,9.967890000000000361e-01
5.174406299999999703e+01,9.974589999999999845e-01
5.174753499999999917e+01,1.001152000000000042e+00
5.175100799999999879e+01,9.975420000000000398e-01
5.175448000000000093e+01,1.003698999999999897e+00
5.175795200000000307e+01,9.988219999999999876e-01
5.176142399999999810e+01,1.000151000000000012e+00
5.176489600000000024e+01,1.000397999999999898e+00
5.176836800000000238e+01,9.995380000000000376e-01
5.177183999999999742e+01,9.989080000000000181e-01
5.177531199999999956e+01,1.000796999999999937e+00
5.177878499999999917e+01,1.001997000000000027e+00
5.178225700000000131e+01,9.996410000000000018e-01
5.178572900000000345e+01,1.000502000000000002e+00
5.178920099999999849e+01,9.979689999999999950e-01
5.179267300000000063e+01,1.000769999999999937e+00
5.179614500000000277e+01,9.985859999999999737e-01
5.179961699999999780e+01,9.972069999999999546e-01
5.180308899999999994e+01,1.001085999999999920e+00
5.180656199999999956e+01,9.993189999999999573e-01
5.181003400000000170e+01,1.001811000000000007e+00
5.181350599999999673e+01,9.989240000000000341e-01
5.181697799999999887e+01,9.990550000000000264e-01
5.182045000000000101e+01,1.000493999999999994e+00
5.182392200000000315e+01,1.000283999999999951e+00
5.182739399999999819e+01,1.000763000000000069e+00
5.183086600000000033e+01,9.996129999999999738e-01
5.183433800000000247e+01,1.003160000000000052e+00
5.183781100000000208e+01,9.997930000000000428e-01
5.434468300000000340e+01,1.000691999999999915e+00
5.434815499999999844e+01,1.003555999999999893e+00
5.435162700000000058e+01,9.994070000000000453e-01
5.435509900000000272e+01,9.999440000000000550e-01
5.435857099999999775e+01,9.990470000000000184e-01
5.436204399999999737e+01,1.000083000000000055e+00
5.436551599999999951e+01,9.992320000000000091e-01
5.436898800000000165e+01,9.986059999999999937e-01
5.437245999999999668e+01,1.001095999999999986e+00
5.437593199999999882e+01,1.000262999999999902e+00
5.437940400000000096e+01,9.998470000000000413e-01
5.438287600000000310e+01,9.981560000000000432e-01
5.438634799999999814e+01,9.995319999999999760e-01
5.438982000000000028e+01,1.000329000000000024e+00
5.439329299999999989e+01,1.000518000000000018e+00
5.439676500000000203e+01,9.991280000000000161e-01
5.440023699999999707e+01,9.994089999999999918e-01
5.440370899999999921e+01,9.978529999999999900e-01
5.440718100000000135e+01,1.000345999999999957e+00
5.441065300000000349e+01,9.999529999999999808e-01
5.441412499999999852e+01,1.001300000000000079e+00
5.441759700000000066e+01,1.002050000000000107e+00
5.442107000000000028e+01,1.000706000000000095e+00
5.442454200000000242e+01,1.000907999999999909e+00
5.442801399999999745e+01,1.000448999999999922e+00
5.443148599999999959e+01,9.987559999999999771e-01
5.443495800000000173e+01,1.000721999999999889e+00
5.443842999999999677e+01,9.996009999999999618e-01
5.444190199999999891e+01,1.000971999999999973e+00
5.444537400000000105e+01,9.999770000000000048e-01
5.444884700000000066e+01,1.000858999999999943e+00
5.445231900000000280e+01,9.993020000000000236e-01
5.445579099999999784e+01,1.000208999999999904e+00
5.445926299999999998e+01,9.975880000000000303e-01
5.446273500000000212e+01,9.985190000000000454e-01
5.446620699999999715e+01,1.000080999999999998e+00
5.446967899999999929e+01,1.000958000000000014e+00
5.447315100000000143e+01,1.002504000000000062e+00
5.447662400000000105e+01,9.978439999999999532e-01
5.448009600000000319e+01,1.000167000000000028e+00
5.448356799999999822e+01,9.988409999999999789e-01
5.448704000000000036e+01,1.007155000000000022e+00
5.449051200000000250e+01,9.987660000000000426e-01
5.449398399999999754e+01,1.000663999999999998e+00
5.449745599999999968e+01,1.001435000000000075e+00
5.450092800000000182e+01,9.988489999999999869e-01
5.450440100000000143e+01,9.995969999999999578e-01
5.450787299999999647e+01,9.977120000000000433e-01
5.451134499999999861e+01,1.001006000000000062e+00
5.451481700000000075e+01,1.000037000000000065e+00
5.451828900000000289e+01,9.992400000000000171e-01
5.452176099999999792e+01,1.001937999999999995e+00
5.452523300000000006e+01,1.000159000000000020e+00
5.452870500000000220e+01,1.000723999999999947e+00
5.453217699999999724e+01,9.999350000000000183e-01
5.453564999999999685e+01,9.993699999999999806e-01
5.453912199999999899e+01,1.000200999999999896e+00
5.454259400000000113e+01,1.002515999999999963e+00
5.454606600000000327e+01,9.993900000000000006e-01
5.454953799999999831e+01,9.990959999999999841e-01
5.455301000000000045e+01,1.000116999999999923e+00
5.455648200000000259e+01,9.985669999999999824e-01
5.455995399999999762e+01,9.983910000000000284e-01
5.456342699999999724e+01,9.987519999999999731e-01
5.456689899999999938e+01,9.984169999999999989e-01
5.457037100000000152e+01,1.000315999999999983e+00
5.457384299999999655e+01,1.001524999999999999e+00
5.457731499999999869e+01,9.994490000000000318e-01
5.458078700000000083e+01,9.992250000000000298e-01
5.458425900000000297e+01,1.000202999999999953e+00
5.458773099999999801e+01,9.997679999999999900e-01
5.459120399999999762e+01,1.001848000000000072e+00
5.459467599999999976e+01,1.000553999999999943e+00
5.459814800000000190e+01,1.002979000000000065e+00
5.460161999999999694e+01,1.000795000000000101e+00
5.460509199999999908e+01,1.000342000000000064e+00
5.460856400000000122e+01,1.001382999999999912e+00
5.461203600000000336e+01,1.002510999999999930e+00
5.461550799999999839e+01,9.980189999999999895e-01
5.461898099999999801e+01,9.991109999999999713e-01
5.462245300000000015e+01,9.988399999999999501e-01
5.462592500000000229e+01,1.001997999999999944e+00
5.462939699999999732e+01,9.979280000000000372e-01
5.463286899999999946e+01,9.993910000000000293e-01
5.463634100000000160e+01,1.001570000000000071e+00
5.463981299999999663e+01,1.003179999999999961e+00
5.464328499999999877e+01,9.961140000000000549e-01
5.464675799999999839e+01,9.993379999999999486e-01
5.465023000000000053e+01,9.990459999999999896e-01
5.465370200000000267e+01,9.964100000000000179e-01
5.465717399999999770e+01,9.995159999999999600e-01
5.466064599999999984e+01,1.000496000000000052e+00
5.466411800000000198e+01,1.003913999999999973e+00
5.466758999999999702e+01,9.987049999999999539e-01
5.467106199999999916e+01,9.960919999999999774e-01
5.467453499999999877e+01,1.000555000000000083e+00
5.467800700000000091e+01,1.001501999999999892e+00
5.468147900000000305e+01,9.983649999999999469e-01
5.468495099999999809e+01,1.000548999999999911e+00
5.468842300000000023e+01,9.984359999999999902e-01
5.469189500000000237e+01,1.000104000000000104e+00
5.469536699999999740e+01,1.004361000000000059e+00
5.469883899999999954e+01,9.985249999999999959e-01
5.470231100000000168e+01,1.002599000000000018e+00
5.470578400000000130e+01,1.001123999999999903e+00
5.470925600000000344e+01,1.001101000000000019e+00
5.471272799999999847e+01,9.999679999999999680e-01
5.471620000000000061e+01,9.994579999999999576e-01
5.471967200000000275e+01,1.000131000000000103e+00
5.472314399999999779e+01,1.000372000000000039e+00
5.472661599999999993e+01,1.000769999999999937e+00
5.473008800000000207e+01,1.002664000000000000e+00
5.473356100000000168e+01,1.001144000000000034e+00
5.473703299999999672e+01,9.991780000000000106e-01
5.474050499999999886e+01,9.981149999999999745e-01
5.474397700000000100e+01,9.985760000000000192e-01
5.474744900000000314e+01,9.996439999999999770e-01
5.475092099999999817e+01,9.970449999999999591e-01
5.475439300000000031e+01,1.001476999999999951e+00
5.475786500000000245e+01,9.962640000000000384e-01
5.476133800000000207e+01,1.000974999999999948e+00
5.476480999999999710e+01,1.000749000000000111e+00
5.476828199999999924e+01,1.000423999999999980e+00
5.477175400000000138e+01,9.963769999999999571e-01
5.477522600000000352e+01,9.975009999999999710e-01
5.477869799999999856e+01,1.001230000000000064e+00
5.478217000000000070e+01,1.000461000000000045e+00
5.478564200000000284e+01,9.972879999999999523e-01
5.478911500000000245e+01,9.991219999999999546e-01
5.479258699999999749e+01,1.001332000000000111e+00
5.479605899999999963e+01,9.998169999999999558e-01
5.479953100000000177e+01,1.000952999999999982e+00
5.480300299999999680e+01,1.000984000000000096e+00
5.480647499999999894e+01,1.000032999999999950e+00
5.480994700000000108e+01,1.004242000000000079e+00
5.481341900000000322e+01,1.000083000000000055e+00
5.481689200000000284e+01,9.988369999999999749e-01
5.482036399999999787e+01,1.000706000000000095e+00
5.482383600000000001e+01,9.996979999999999755e-01
5.482730800000000215e+01,1.000283999999999951e+00
5.483077999999999719e+01,1.000194000000000027e+00
5.483425199999999933e+01,1.002741000000000104e+00
5.483772400000000147e+01,1.000491000000000019e+00
5.484119599999999650e+01,9.992579999999999796e-01
5.484466799999999864e+01,1.002119999999999900e+00
5.484814099999999826e+01,9.985150000000000414e-01
5.485161300000000040e+01,1.001265999999999989e+00
5.485508500000000254e+01,1.002237000000000045e+00
5.485855699999999757e+01,9.964760000000000284e-01
5.486202899999999971e+01,1.010186999999999946e+00
5.534118200000000343e+01,1.001695999999999920e+00
5.534465399999999846e+01,9.985549999999999704e-01
5.534812600000000060e+01,1.000202000000000035e+00
5.535159800000000274e+01,9.998409999999999798e-01
5.535506999999999778e+01,9.996899999999999675e-01
5.535854299999999739e+01,1.005003000000000091e+00
5.536201499999999953e+01,9.940290000000000514e-01
5.536548700000000167e+01,1.005929000000000073e+00
5.536895899999999671e+01,9.983910000000000284e-01
5.537243099999999885e+01,1.003333000000000030e+00
5.537937500000000313e+01,1.000334000000000056e+00
5.538284699999999816e+01,9.980569999999999720e-01
5.538631999999999778e+01,9.964210000000000012e-01
5.538979199999999992e+01,9.993980000000000086e-01
5.539326400000000206e+01,1.002534999999999954e+00
5.539673599999999709e+01,1.000104000000000104e+00
5.540020799999999923e+01,1.001177999999999901e+00
5.540368000000000137e+01,1.000180999999999987e+00
5.540715200000000351e+01,1.001953000000000094e+00
5.541062399999999855e+01,1.003319000000000072e+00
5.541409699999999816e+01,1.001926000000000094e+00
5.541756900000000030e+01,9.992959999999999621e-01
5.542104100000000244e+01,9.986490000000000089e-01
5.542451299999999748e+01,9.964659999999999629e-01
5.542798499999999962e+01,1.001835000000000031e+00
5.543145700000000176e+01,1.000118999999999980e+00
5.543492899999999679e+01,9.965570000000000261e-01
5.543840099999999893e+01,9.989789999999999504e-01
5.544187399999999855e+01,1.000199000000000060e+00
5.544534600000000069e+01,1.000617000000000090e+00
5.544881800000000283e+01,1.002888999999999919e+00
5.545228999999999786e+01,1.001605999999999996e+00
5.545576200000000000e+01,1.000836000000000059e+00
5.545923400000000214e+01,9.988040000000000251e-01
5.546270599999999718e+01,1.001459000000000099e+00
5.546617799999999932e+01,9.995640000000000081e-01
5.546965099999999893e+01,9.991489999999999538e-01
5.547312300000000107e+01,1.000215000000000076e+00
5.548006699999999825e+01,9.996099999999999985e-01
5.548701100000000253e+01,1.000021000000000049e+00
5.549048299999999756e+01,1.000239000000000100e+00
5.549395499999999970e+01,1.000744999999999996e+00
5.549742700000000184e+01,9.994049999999999878e-01
5.550090000000000146e+01,1.000286000000000008e+00
5.550437199999999649e+01,9.998899999999999455e-01
5.550784399999999863e+01,1.001808000000000032e+00
5.551131600000000077e+01,1.000102000000000046e+00
5.551478800000000291e+01,9.992779999999999996e-01
5.551825999999999794e+01,9.990989999999999593e-01
5.552173200000000008e+01,1.000776000000000110e+00
5.552520400000000222e+01,9.985190000000000454e-01
5.552867700000000184e+01,1.000526000000000026e+00
5.553214899999999687e+01,9.977970000000000450e-01
5.553562099999999901e+01,9.999529999999999808e-01
5.553909300000000115e+01,9.977390000000000425e-01
5.554256500000000329e+01,9.982910000000000394e-01
5.554603699999999833e+01,9.992379999999999596e-01
5.554950900000000047e+01,9.965460000000000429e-01
5.555298100000000261e+01,1.000326000000000048e+00
5.555645400000000222e+01,1.000810999999999895e+00
5.555992599999999726e+01,9.993560000000000221e-01
5.556339799999999940e+01,1.000450999999999979e+00
5.556687000000000154e+01,1.002102000000000048e+00
5.557034199999999657e+01,1.002008999999999928e+00
5.557381399999999871e+01,1.000078999999999940e+00
5.557728600000000085e+01,1.000138999999999889e+00
5.558075800000000299e+01,1.000504000000000060e+00
5.558423100000000261e+01,1.002480000000000038e+00
5.558770299999999764e+01,9.980360000000000342e-01
5.559117499999999978e+01,1.000958999999999932e+00
5.559464700000000192e+01,9.999700000000000255e-01
5.559811899999999696e+01,9.985929999999999529e-01
5.560159099999999910e+01,9.987479999999999691e-01
5.560506300000000124e+01,9.994410000000000238e-01
5.560853500000000338e+01,1.001257999999999981e+00
5.561200800000000299e+01,1.000294999999999934e+00
5.561547999999999803e+01,1.001400000000000068e+00
5.561895200000000017e+01,1.000196000000000085e+00
5.562242400000000231e+01,1.000933999999999990e+00
5.562589599999999734e+01,1.000305000000000000e+00
5.562936799999999948e+01,9.999000000000000110e-01
5.563284000000000162e+01,1.001449000000000034e+00
5.563631199999999666e+01,1.000455000000000094e+00
5.563978399999999880e+01,1.000863000000000058e+00
5.564325699999999841e+01,9.991210000000000369e-01
5.564672900000000055e+01,9.996770000000000378e-01
5.565020100000000269e+01,1.000869000000000009e+00
5.565367299999999773e+01,9.983929999999999749e-01
5.565714499999999987e+01,1.004016000000000020e+00
5.566061700000000201e+01,9.988320000000000531e-01
5.566408899999999704e+01,1.001054000000000110e+00
5.566756099999999918e+01,1.001093999999999928e+00
5.567103399999999880e+01,9.984279999999999822e-01
5.567450600000000094e+01,9.985460000000000447e-01
5.567797800000000308e+01,9.993300000000000516e-01
5.568144999999999811e+01,1.000790000000000068e+00
5.568492200000000025e+01,1.000515999999999961e+00
5.568839400000000239e+01,1.002555000000000085e+00
5.569186599999999743e+01,9.995030000000000303e-01
5.569533799999999957e+01,9.980139999999999567e-01
5.569881099999999918e+01,9.998540000000000205e-01
5.570228300000000132e+01,1.000801000000000052e+00
5.570575500000000346e+01,1.000208999999999904e+00
5.570922699999999850e+01,9.992729999999999668e-01
5.571269900000000064e+01,9.996000000000000441e-01
5.571617100000000278e+01,9.988059999999999716e-01
5.571964299999999781e+01,9.967040000000000344e-01
5.572311499999999995e+01,1.001015999999999906e+00
5.572658799999999957e+01,9.995129999999999848e-01
5.573006000000000171e+01,1.002917000000000058e+00
5.573353199999999674e+01,9.985800000000000232e-01
5.573700399999999888e+01,1.001530000000000031e+00
5.574047600000000102e+01,9.970250000000000501e-01
5.574394800000000316e+01,1.000402000000000013e+00
5.574741999999999820e+01,9.961250000000000382e-01
5.575089200000000034e+01,1.002439999999999998e+00
5.575436499999999995e+01,9.962180000000000479e-01
5.575783700000000209e+01,9.927280000000000548e-01
5.576130899999999713e+01,9.884870000000000045e-01
5.576478099999999927e+01,9.890799999999999592e-01
5.576825300000000141e+01,9.889210000000000500e-01
5.577172500000000355e+01,9.872840000000000504e-01
5.577519699999999858e+01,9.892450000000000410e-01
5.577866900000000072e+01,9.936239999999999517e-01
5.578214200000000034e+01,9.955950000000000077e-01
5.578561400000000248e+01,9.985779999999999657e-01
5.578908599999999751e+01,9.998430000000000373e-01
5.579255799999999965e+01,9.981729999999999769e-01
5.579603000000000179e+01,9.993579999999999686e-01
5.579950199999999683e+01,1.000830000000000108e+00
5.580297399999999897e+01,1.002348000000000017e+00
5.580644600000000111e+01,1.000188999999999995e+00
5.580991800000000325e+01,9.998960000000000070e-01
5.581339100000000286e+01,9.991609999999999658e-01
5.581686299999999790e+01,9.999500000000000055e-01
5.582033500000000004e+01,1.001082000000000027e+00
5.582380700000000218e+01,1.006289999999999907e+00
5.582727899999999721e+01,1.000744000000000078e+00
5.583075099999999935e+01,9.978869999999999685e-01
5.583422300000000149e+01,9.970909999999999496e-01
5.583769499999999653e+01,1.001168999999999976e+00
5.584116800000000325e+01,1.005244999999999944e+00
5.584463999999999828e+01,1.003252000000000033e+00
5.584811200000000042e+01,1.001891000000000087e+00
5.585158400000000256e+01,1.005268999999999968e+00
5.635157000000000238e+01,9.986159999999999481e-01
5.635504199999999742e+01,1.002386999999999917e+00
5.635851399999999956e+01,1.001125000000000043e+00
5.636198600000000170e+01,1.000787000000000093e+00
5.636545799999999673e+01,9.998650000000000038e-01
5.636892999999999887e+01,1.000803000000000109e+00
5.637240200000000101e+01,9.994429999999999703e-01
5.637587400000000315e+01,9.996289999999999898e-01
5.637934700000000277e+01,1.000658999999999965e+00
5.638281899999999780e+01,9.995429999999999593e-01
5.638629099999999994e+01,1.001837000000000089e+00
5.638976300000000208e+01,9.981640000000000512e-01
5.639323499999999711e+01,9.991210000000000369e-01
5.639670699999999925e+01,9.989850000000000119e-01
5.640017900000000139e+01,9.990229999999999944e-01
5.640365100000000353e+01,1.000634000000000023e+00
5.640712400000000315e+01,9.977979999999999627e-01
5.641059599999999818e+01,9.915599999999999969e-01
5.641406800000000032e+01,9.901290000000000369e-01
5.641754000000000246e+01,9.903269999999999573e-01
5.642101199999999750e+01,9.886160000000000503e-01
5.642448399999999964e+01,9.912940000000000085e-01
5.642795600000000178e+01,9.916199999999999459e-01
5.643142799999999681e+01,9.984979999999999967e-01
5.643489999999999895e+01,9.999350000000000183e-01
5.643837299999999857e+01,9.994899999999999896e-01
5.644184500000000071e+01,1.000728999999999980e+00
5.644531700000000285e+01,1.000339000000000089e+00
5.644878899999999788e+01,9.995709999999999873e-01
5.645226100000000002e+01,1.000895000000000090e+00
5.645573300000000216e+01,1.000520000000000076e+00
5.645920499999999720e+01,9.988439999999999541e-01
5.646267699999999934e+01,9.987230000000000274e-01
5.646614999999999895e+01,1.000372999999999957e+00
5.646962200000000109e+01,1.000409000000000104e+00
5.647309400000000323e+01,1.001366999999999896e+00
5.647656599999999827e+01,9.988890000000000269e-01
5.648003800000000041e+01,9.996519999999999850e-01
5.648351000000000255e+01,1.000896999999999926e+00
5.648698199999999758e+01,1.000266000000000099e+00
5.649045399999999972e+01,9.989660000000000206e-01
5.649392699999999934e+01,9.979479999999999462e-01
5.649739900000000148e+01,9.994750000000000023e-01
5.650087099999999651e+01,9.991659999999999986e-01
5.650434299999999865e+01,1.000321000000000016e+00
5.650781500000000079e+01,1.000072000000000072e+00
5.651128700000000293e+01,1.001031999999999922e+00
5.651475899999999797e+01,9.998939999999999495e-01
5.651823100000000011e+01,1.000370999999999899e+00
5.652170399999999972e+01,1.000426999999999955e+00
5.652517600000000186e+01,1.001058999999999921e+00
5.652864799999999690e+01,1.000777999999999945e+00
5.653211999999999904e+01,1.000331999999999999e+00
5.653559200000000118e+01,1.000153000000000070e+00
5.653906400000000332e+01,1.000944999999999974e+00
5.654253599999999835e+01,9.996369999999999978e-01
5.654600800000000049e+01,1.000399000000000038e+00
5.654948100000000011e+01,1.000377999999999989e+00
5.655295300000000225e+01,9.991229999999999833e-01
5.655642499999999728e+01,9.992039999999999811e-01
5.655989699999999942e+01,9.974819999999999798e-01
5.656336900000000156e+01,1.000069000000000097e+00
5.656684099999999660e+01,9.995849999999999458e-01
5.657031299999999874e+01,9.979620000000000157e-01
5.657378500000000088e+01,1.000401000000000096e+00
5.657725800000000049e+01,9.992959999999999621e-01
5.658073000000000263e+01,1.000494999999999912e+00
5.658420199999999767e+01,9.989200000000000301e-01
5.658767399999999981e+01,9.998449999999999838e-01
5.659114600000000195e+01,1.001098000000000043e+00
5.659461799999999698e+01,9.995399999999999840e-01
5.659808999999999912e+01,1.001576000000000022e+00
5.660156200000000126e+01,9.997089999999999588e-01
5.660503400000000340e+01,9.997249999999999748e-01
5.660850700000000302e+01,9.997169999999999668e-01
5.661197899999999805e+01,9.983610000000000539e-01
5.661545100000000019e+01,1.002674000000000065e+00
5.661892300000000233e+01,9.997350000000000403e-01
5.662239499999999737e+01,1.001482999999999901e+00
5.662586699999999951e+01,1.001236999999999933e+00
5.662933900000000165e+01,1.000399000000000038e+00
5.663281099999999668e+01,1.000291000000000041e+00
5.663628400000000340e+01,1.001695000000000002e+00
5.663975599999999844e+01,1.000669999999999948e+00
5.664322800000000058e+01,9.985629999999999784e-01
5.664670000000000272e+01,9.987690000000000179e-01
5.665017199999999775e+01,9.980360000000000342e-01
5.665364399999999989e+01,1.001803999999999917e+00
5.665711600000000203e+01,1.001614000000000004e+00
5.666058799999999707e+01,9.990759999999999641e-01
5.666406099999999668e+01,9.988629999999999454e-01
5.666753299999999882e+01,1.000069000000000097e+00
5.667100500000000096e+01,9.994049999999999878e-01
5.667447700000000310e+01,9.983279999999999932e-01
5.667794899999999814e+01,9.995880000000000321e-01
5.668142100000000028e+01,9.997880000000000100e-01
5.668489300000000242e+01,9.992910000000000403e-01
5.668836499999999745e+01,1.001123999999999903e+00
5.669183799999999707e+01,9.991919999999999691e-01
5.669530999999999921e+01,1.002213999999999938e+00
5.669878200000000135e+01,9.977409999999999890e-01
5.670225400000000349e+01,1.000302000000000024e+00
5.670572599999999852e+01,9.980560000000000542e-01
5.670919800000000066e+01,1.003878000000000048e+00
5.671267000000000280e+01,9.985060000000000047e-01
5.671614199999999784e+01,9.997500000000000275e-01
5.671961499999999745e+01,9.996099999999999985e-01
5.672308699999999959e+01,9.970890000000000031e-01
5.672655900000000173e+01,1.001271000000000022e+00
5.673003099999999677e+01,9.984359999999999902e-01
5.673350299999999891e+01,1.001889000000000030e+00
5.673697500000000105e+01,1.001737000000000100e+00
5.674044700000000319e+01,1.000529000000000002e+00
5.674391899999999822e+01,1.002296999999999993e+00
5.674739100000000036e+01,1.002418000000000031e+00
5.675086399999999998e+01,1.003435000000000077e+00
5.675433600000000212e+01,1.000421000000000005e+00
5.675780799999999715e+01,9.981719999999999482e-01
5.676127999999999929e+01,9.974420000000000508e-01
5.676475200000000143e+01,9.996599999999999930e-01
5.676822399999999647e+01,1.000690000000000079e+00
5.677169599999999861e+01,9.972290000000000321e-01
5.677516800000000075e+01,1.000710999999999906e+00
5.677864100000000036e+01,1.001689999999999969e+00
5.678211300000000250e+01,9.998580000000000245e-01
5.678558499999999754e+01,9.970470000000000166e-01
5.678905699999999968e+01,1.000953999999999899e+00
5.679252900000000182e+01,1.001654999999999962e+00
5.679600099999999685e+01,1.000742999999999938e+00
5.679947299999999899e+01,9.993389999999999773e-01
5.680294500000000113e+01,1.001209999999999933e+00
5.680641800000000075e+01,9.998759999999999870e-01
5.680989000000000289e+01,9.999080000000000190e-01
5.681336199999999792e+01,1.003322000000000047e+00
5.681683400000000006e+01,9.993769999999999598e-01
5.682030600000000220e+01,9.976859999999999618e-01
5.682377799999999723e+01,9.984870000000000134e-01
5.682724999999999937e+01,9.991999999999999771e-01
5.683072200000000151e+01,1.000798999999999994e+00
5.683419500000000113e+01,9.981459999999999777e-01
5.683766700000000327e+01,9.964129999999999932e-01
5.684113899999999830e+01,1.002096000000000098e+00
5.684461100000000044e+01,9.966970000000000551e-01
5.684808300000000258e+01,9.969909999999999606e-01
5.848692499999999939e+01,9.969869999999999566e-01
5.849039700000000153e+01,1.003181000000000100e+00
5.849386899999999656e+01,1.002868000000000093e+00
5.849734099999999870e+01,1.000901999999999958e+00
5.850081300000000084e+01,1.001927000000000012e+00
5.850428500000000298e+01,9.981940000000000257e-01
5.850775699999999802e+01,9.976779999999999538e-01
5.851122999999999763e+01,9.979559999999999542e-01
5.851470199999999977e+01,9.998550000000000493e-01
5.851817400000000191e+01,9.973109999999999475e-01
5.852164599999999695e+01,1.000834999999999919e+00
5.852511799999999909e+01,9.970989999999999576e-01
5.852859000000000123e+01,1.000993999999999939e+00
5.853206200000000337e+01,1.002307999999999977e+00
5.853553399999999840e+01,9.984169999999999989e-01
5.853900699999999802e+01,1.002207000000000070e+00
5.854247900000000016e+01,9.968179999999999819e-01
5.854595100000000230e+01,9.996369999999999978e-01
5.854942299999999733e+01,9.992870000000000363e-01
5.855289499999999947e+01,1.000364999999999949e+00
5.855636700000000161e+01,1.000601000000000074e+00
5.855983899999999664e+01,1.000407999999999964e+00
5.856331099999999878e+01,9.994499999999999496e-01
5.856678399999999840e+01,1.001255999999999924e+00
5.857025600000000054e+01,1.003500999999999976e+00
5.857372800000000268e+01,1.001473000000000058e+00
5.857719999999999771e+01,9.999390000000000223e-01
5.858067199999999985e+01,1.000744000000000078e+00
5.858414400000000199e+01,1.002534000000000036e+00
5.858761599999999703e+01,1.001354999999999995e+00
5.859108799999999917e+01,1.000102999999999964e+00
5.859456099999999878e+01,9.992220000000000546e-01
5.859803300000000092e+01,9.994110000000000493e-01
5.860150500000000306e+01,9.964889999999999581e-01
5.860497699999999810e+01,1.000764999999999905e+00
5.860844900000000024e+01,1.002491999999999939e+00
5.861192100000000238e+01,9.998599999999999710e-01
5.861539299999999741e+01,1.003883000000000081e+00
5.861886499999999955e+01,9.989179999999999726e-01
5.862233799999999917e+01,9.971640000000000503e-01
5.862581000000000131e+01,9.992520000000000291e-01
5.862928200000000345e+01,9.971139999999999448e-01
5.863275399999999848e+01,9.986810000000000409e-01
5.863622600000000062e+01,1.001397000000000093e+00
5.863969800000000276e+01,9.981989999999999474e-01
5.864316999999999780e+01,1.000728000000000062e+00
5.864664199999999994e+01,1.001309999999999922e+00
5.865011400000000208e+01,1.001654999999999962e+00
5.865358700000000169e+01,9.994709999999999983e-01
5.865705899999999673e+01,9.977869999999999795e-01
5.866053099999999887e+01,9.957340000000000080e-01
5.866400300000000101e+01,9.997749999999999693e-01
5.866747500000000315e+01,9.988569999999999949e-01
5.867094699999999818e+01,1.002034000000000091e+00
5.867441900000000032e+01,9.978230000000000155e-01
5.867789100000000246e+01,9.994420000000000526e-01
5.868136400000000208e+01,1.001969000000000110e+00
5.868483599999999711e+01,9.979759999999999742e-01
5.868830799999999925e+01,1.000731000000000037e+00
5.869178000000000139e+01,9.990820000000000256e-01
5.869525200000000353e+01,1.000728999999999980e+00
5.869872399999999857e+01,1.002002000000000059e+00
5.870219600000000071e+01,9.988460000000000116e-01
5.870566800000000285e+01,1.001322999999999963e+00
5.870914100000000246e+01,9.993959999999999511e-01
5.871261299999999750e+01,9.988920000000000021e-01
5.871608499999999964e+01,1.001799000000000106e+00
5.871955700000000178e+01,1.001114999999999977e+00
5.872302899999999681e+01,1.001408999999999994e+00
5.872650099999999895e+01,1.000621999999999900e+00
5.872997300000000109e+01,1.001597999999999988e+00
5.873344500000000323e+01,1.000229000000000035e+00
5.873691800000000285e+01,1.000583999999999918e+00
5.874038999999999788e+01,1.003819000000000017e+00
5.874386200000000002e+01,1.001899000000000095e+00
5.874733400000000216e+01,1.002715999999999941e+00
5.875080599999999720e+01,9.993330000000000268e-01
5.875427799999999934e+01,9.972090000000000121e-01
5.875775000000000148e+01,9.971410000000000551e-01
5.876122199999999651e+01,9.980970000000000120e-01
5.876469500000000323e+01,1.000105999999999939e+00
5.876816699999999827e+01,9.992229999999999723e-01
5.877163900000000041e+01,1.001079000000000052e+00
5.877511100000000255e+01,1.001792000000000016e+00
5.877858299999999758e+01,1.000005999999999950e+00
5.878205499999999972e+01,9.986180000000000057e-01
5.878552700000000186e+01,1.000104000000000104e+00
5.878899899999999690e+01,1.000987000000000071e+00
5.879247199999999651e+01,9.997779999999999445e-01
5.879594399999999865e+01,9.996420000000000305e-01
5.879941600000000079e+01,9.993720000000000381e-01
5.880288800000000293e+01,1.001262000000000096e+00
5.880635999999999797e+01,9.990520000000000511e-01
5.880983200000000011e+01,9.970240000000000213e-01
5.881330400000000225e+01,9.986199999999999521e-01
5.881677599999999728e+01,1.000810999999999895e+00
5.882024799999999942e+01,9.980229999999999935e-01
5.882372099999999904e+01,9.996699999999999475e-01
5.882719300000000118e+01,1.000091999999999981e+00
5.883066500000000332e+01,1.000075000000000047e+00
5.883413699999999835e+01,1.003554000000000057e+00
5.883760900000000049e+01,1.003123999999999905e+00
5.884108100000000263e+01,9.927740000000000453e-01
5.936537200000000070e+01,9.985640000000000072e-01
5.936884400000000284e+01,1.000375000000000014e+00
5.937231599999999787e+01,9.982259999999999467e-01
5.937578800000000001e+01,1.000958999999999932e+00
5.937926000000000215e+01,1.000078999999999940e+00
5.951120099999999979e+01,9.986990000000000034e-01
5.951467300000000193e+01,9.997779999999999445e-01
5.951814499999999697e+01,9.981079999999999952e-01
5.952161699999999911e+01,1.000625000000000098e+00
5.952508900000000125e+01,9.977589999999999515e-01
5.952856100000000339e+01,9.976699999999999458e-01
5.953203400000000300e+01,9.998960000000000070e-01
5.953550599999999804e+01,9.977749999999999675e-01
5.953897800000000018e+01,1.002132999999999940e+00
5.954245000000000232e+01,1.000232000000000010e+00
5.954592199999999735e+01,9.988369999999999749e-01
5.954939399999999949e+01,9.973109999999999475e-01
5.955286600000000163e+01,1.000129000000000046e+00
5.955633799999999667e+01,1.002234999999999987e+00
5.955981100000000339e+01,1.000166000000000111e+00
5.956328299999999842e+01,9.996930000000000538e-01
5.956675500000000056e+01,1.000903000000000098e+00
5.957022700000000270e+01,9.995929999999999538e-01
5.957369899999999774e+01,9.981370000000000520e-01
5.957717099999999988e+01,9.991630000000000233e-01
5.958064300000000202e+01,9.988700000000000356e-01
5.958411499999999705e+01,1.001020999999999939e+00
5.958758799999999667e+01,1.001136000000000026e+00
5.959105999999999881e+01,9.993060000000000276e-01
5.959453200000000095e+01,1.001841999999999899e+00
5.959800400000000309e+01,1.001962999999999937e+00
5.960147599999999812e+01,1.001176999999999984e+00
5.960494800000000026e+01,1.000809999999999977e+00
5.960842000000000240e+01,1.002196000000000087e+00
5.961189199999999744e+01,1.000493000000000077e+00
5.961536399999999958e+01,9.974100000000000188e-01
5.961883699999999919e+01,1.001775000000000082e+00
5.962230900000000133e+01,9.998329999999999718e-01
5.962578100000000347e+01,9.993779999999999886e-01
5.962925299999999851e+01,1.001063000000000036e+00
5.963272500000000065e+01,1.000680999999999932e+00
5.963619700000000279e+01,9.974340000000000428e-01
5.963966899999999782e+01,9.986680000000000001e-01
5.964314099999999996e+01,1.000461999999999962e+00
5.964661399999999958e+01,1.000078999999999940e+00
5.965008600000000172e+01,1.000024000000000024e+00
5.965355799999999675e+01,1.001135000000000108e+00
5.965702999999999889e+01,1.000272000000000050e+00
5.966050200000000103e+01,9.999789999999999512e-01
5.966397400000000317e+01,9.981790000000000385e-01
5.966744599999999821e+01,1.001609999999999889e+00
5.967091800000000035e+01,9.975300000000000278e-01
5.967439099999999996e+01,9.999139999999999695e-01
5.967786300000000210e+01,9.982010000000000050e-01
5.968133499999999714e+01,9.998740000000000405e-01
5.968480699999999928e+01,9.994729999999999448e-01
5.968827900000000142e+01,9.971109999999999696e-01
5.969175099999999645e+01,1.002156999999999965e+00
5.969522299999999859e+01,9.985009999999999719e-01
5.969869500000000073e+01,1.000637999999999916e+00
5.970216800000000035e+01,1.000602999999999909e+00
5.970564000000000249e+01,9.997350000000000403e-01
5.970911199999999752e+01,1.002887000000000084e+00
5.971258399999999966e+01,1.002034000000000091e+00
5.971605600000000180e+01,1.002035999999999927e+00
5.971952799999999684e+01,9.996479999999999810e-01
5.972299999999999898e+01,1.000369999999999981e+00
5.972647200000000112e+01,1.001044999999999963e+00
5.972994500000000073e+01,9.987580000000000346e-01
5.973341700000000287e+01,1.000199999999999978e+00
5.973688899999999791e+01,9.988430000000000364e-01
5.974036100000000005e+01,9.989670000000000494e-01
5.974383300000000219e+01,1.004078000000000026e+00
5.974730499999999722e+01,9.997030000000000083e-01
5.975077699999999936e+01,9.965380000000000349e-01
5.975424900000000150e+01,9.986709999999999754e-01
5.975772099999999654e+01,1.000097000000000014e+00
5.976119400000000326e+01,9.991719999999999491e-01
5.976466599999999829e+01,1.001924000000000037e+00
5.976813800000000043e+01,1.000477000000000061e+00
5.977161000000000257e+01,1.000334000000000056e+00
5.977508199999999761e+01,1.001862999999999948e+00
5.977855399999999975e+01,9.975100000000000078e-01
5.978202600000000189e+01,1.002517000000000102e+00
5.978549799999999692e+01,9.970799999999999663e-01
5.978897099999999654e+01,9.979829999999999535e-01
5.979244299999999868e+01,9.990630000000000344e-01
5.979591500000000082e+01,1.000334000000000056e+00
5.979938700000000296e+01,9.991689999999999738e-01
5.980285899999999799e+01,1.001063999999999954e+00
5.980633100000000013e+01,9.971959999999999713e-01
5.980980300000000227e+01,1.001549999999999940e+00
5.981327499999999731e+01,9.974910000000000165e-01
5.981674799999999692e+01,1.003522999999999943e+00
5.982021999999999906e+01,1.001219999999999999e+00
5.982369200000000120e+01,1.001246999999999998e+00
5.982716400000000334e+01,1.001570000000000071e+00
5.983063599999999838e+01,1.000591999999999926e+00
5.983410800000000052e+01,9.963800000000000434e-01
5.983758000000000266e+01,1.004132000000000025e+00
6.042436899999999866e+01,1.001047999999999938e+00
6.042784100000000080e+01,9.998439999999999550e-01
6.043131300000000294e+01,1.000464999999999938e+00
6.043478499999999798e+01,9.995920000000000361e-01
6.043825700000000012e+01,9.999700000000000255e-01
6.044172999999999973e+01,9.977730000000000210e-01
6.044520200000000187e+01,9.998639999999999750e-01
6.044867399999999691e+01,9.987899999999999556e-01
6.045214599999999905e+01,9.998489999999999878e-01
6.045561800000000119e+01,1.000242999999999993e+00
6.045909000000000333e+01,9.996620000000000505e-01
6.046256199999999836e+01,1.000034000000000090e+00
6.046603400000000050e+01,1.001414000000000026e+00
6.047297900000000226e+01,9.994819999999999816e-01
6.047645099999999729e+01,9.997859999999999525e-01
6.047992299999999943e+01,9.984189999999999454e-01
6.048339500000000157e+01,9.984990000000000254e-01
6.048686699999999661e+01,1.001500999999999975e+00
6.049033899999999875e+01,1.001060999999999979e+00
6.049381100000000089e+01,1.000625000000000098e+00
6.049728400000000050e+01,9.996169999999999778e-01
6.050075600000000264e+01,1.001524000000000081e+00
6.050422799999999768e+01,1.002416999999999891e+00
6.050769999999999982e+01,1.000455000000000094e+00
6.051117200000000196e+01,9.988869999999999694e-01
6.051464399999999699e+01,9.983729999999999549e-01
6.051811599999999913e+01,1.001910000000000078e+00
6.052158800000000127e+01,1.000042000000000098e+00
6.052506100000000089e+01,1.000591999999999926e+00
6.052853300000000303e+01,9.996239999999999570e-01
6.053200499999999806e+01,9.986369999999999969e-01
6.053547700000000020e+01,9.972389999999999866e-01
6.053894900000000234e+01,9.961259999999999559e-01
6.054242099999999738e+01,1.000496999999999970e+00
6.054589299999999952e+01,9.984530000000000349e-01
6.054936500000000166e+01,9.983170000000000099e-01
6.055283699999999669e+01,1.000512999999999986e+00
6.055631000000000341e+01,1.002555000000000085e+00
6.055978199999999845e+01,1.000674999999999981e+00
6.056325400000000059e+01,1.001851000000000047e+00
6.056672600000000273e+01,1.000580999999999943e+00
6.057019799999999776e+01,1.001795999999999909e+00
6.057366999999999990e+01,9.995140000000000136e-01
6.057714200000000204e+01,9.975100000000000078e-01
6.058061399999999708e+01,9.984910000000000174e-01
6.058408699999999669e+01,1.001961000000000102e+00
6.058755899999999883e+01,1.001198000000000032e+00
6.059103100000000097e+01,1.000518000000000018e+00
6.059450300000000311e+01,9.971980000000000288e-01
6.059797499999999815e+01,1.000030999999999892e+00
6.060144700000000029e+01,9.929679999999999618e-01
6.060491900000000243e+01,9.897380000000000067e-01
6.060839099999999746e+01,9.938190000000000079e-01
6.061186399999999708e+01,9.969869999999999566e-01
6.061533599999999922e+01,9.875199999999999534e-01
6.061880800000000136e+01,9.892320000000000002e-01
6.062228000000000350e+01,9.902520000000000211e-01
6.062575199999999853e+01,9.962199999999999944e-01
6.062922400000000067e+01,9.986359999999999681e-01
6.063269600000000281e+01,9.988380000000000036e-01
6.063616799999999785e+01,9.996300000000000185e-01
6.063964099999999746e+01,9.898860000000000436e-01
6.137225800000000220e+01,9.959599999999999564e-01
6.137572999999999723e+01,1.002491000000000021e+00
6.137920299999999685e+01,9.975070000000000325e-01
6.138267499999999899e+01,9.991940000000000266e-01
6.138614700000000113e+01,1.002334999999999976e+00
6.138961900000000327e+01,1.001163999999999943e+00
6.139309099999999830e+01,9.989850000000000119e-01
6.139656300000000044e+01,1.001109000000000027e+00
6.140003500000000258e+01,1.000933999999999990e+00
6.140350699999999762e+01,1.003222999999999976e+00
6.140697999999999723e+01,9.980489999999999640e-01
6.141045199999999937e+01,9.995279999999999720e-01
6.141392400000000151e+01,9.992170000000000218e-01
6.141739599999999655e+01,1.002939999999999943e+00
6.142086799999999869e+01,9.998200000000000420e-01
6.142434000000000083e+01,1.000364000000000031e+00
6.142781200000000297e+01,1.000687000000000104e+00
6.143128399999999800e+01,9.979209999999999470e-01
6.143475699999999762e+01,1.001198000000000032e+00
6.143822899999999976e+01,1.000633000000000106e+00
6.144170100000000190e+01,9.995530000000000248e-01
6.144517299999999693e+01,1.000178999999999929e+00
6.144864499999999907e+01,1.002185000000000104e+00
6.145211700000000121e+01,9.995889999999999498e-01
6.145558900000000335e+01,9.991670000000000273e-01
6.145906099999999839e+01,9.967620000000000369e-01
6.146253399999999800e+01,1.001664000000000110e+00
6.146600600000000014e+01,1.000545000000000018e+00
6.146947800000000228e+01,9.987770000000000259e-01
6.147294999999999732e+01,1.001762999999999959e+00
6.147642199999999946e+01,1.000863999999999976e+00
6.147989400000000160e+01,1.000696000000000030e+00
6.148336599999999663e+01,1.000313000000000008e+00
6.148683799999999877e+01,9.996559999999999890e-01
6.149031000000000091e+01,9.984790000000000054e-01
6.149378300000000053e+01,1.000331000000000081e+00
6.149725500000000267e+01,9.999989999999999712e-01
6.150072699999999770e+01,9.992320000000000091e-01
6.150419899999999984e+01,9.996730000000000338e-01
6.150767100000000198e+01,9.994399999999999951e-01
6.151114299999999702e+01,9.999419999999999975e-01
6.151461499999999916e+01,9.991130000000000289e-01
6.151808700000000130e+01,1.000458000000000069e+00
6.152156000000000091e+01,9.969810000000000061e-01
6.152503200000000305e+01,1.000879000000000074e+00
6.152850399999999809e+01,9.998089999999999478e-01
6.153197600000000023e+01,9.995410000000000128e-01
6.153544800000000237e+01,1.000296000000000074e+00
6.153891999999999740e+01,9.990289999999999448e-01
6.154239199999999954e+01,1.000639000000000056e+00
6.154586400000000168e+01,1.001473999999999975e+00
6.154933700000000130e+01,1.002350000000000074e+00
6.155280900000000344e+01,9.996150000000000313e-01
6.155628099999999847e+01,1.000923000000000007e+00
6.155975300000000061e+01,1.000586999999999893e+00
6.156322500000000275e+01,1.000434000000000045e+00
6.156669699999999779e+01,1.000186000000000019e+00
6.157016899999999993e+01,1.000567999999999902e+00
6.157364100000000207e+01,1.001854999999999940e+00
6.157711400000000168e+01,1.001419000000000059e+00
6.158058599999999672e+01,9.989850000000000119e-01
6.158405799999999886e+01,1.000571000000000099e+00
6.158753000000000100e+01,1.002081999999999917e+00
6.159100200000000314e+01,9.972360000000000113e-01
6.159447399999999817e+01,9.990649999999999809e-01
6.159794600000000031e+01,9.991569999999999618e-01
6.160141800000000245e+01,9.991389999999999993e-01
6.160489100000000207e+01,1.000574000000000074e+00
6.160836299999999710e+01,9.968550000000000466e-01
6.161183499999999924e+01,9.983670000000000044e-01
6.161530700000000138e+01,1.001908999999999939e+00
6.161877900000000352e+01,1.000307000000000057e+00
6.162225099999999856e+01,9.975070000000000325e-01
6.162572300000000070e+01,1.001338999999999979e+00
6.162919500000000284e+01,1.001168000000000058e+00
6.163266800000000245e+01,9.997570000000000068e-01
6.163613999999999749e+01,1.000016999999999934e+00
6.163961199999999963e+01,1.003325000000000022e+00
6.164308400000000177e+01,9.983959999999999502e-01
6.164655599999999680e+01,9.966439999999999744e-01
6.165002799999999894e+01,1.004483000000000015e+00
6.165350000000000108e+01,1.000493000000000077e+00
6.165697200000000322e+01,9.978259999999999907e-01
6.166044399999999825e+01,9.982720000000000482e-01
6.166391699999999787e+01,1.001166999999999918e+00
6.166738900000000001e+01,1.000342999999999982e+00
6.167086100000000215e+01,9.997270000000000323e-01
6.167433299999999718e+01,9.979139999999999677e-01
6.167780499999999932e+01,1.000798000000000076e+00
6.168127700000000146e+01,9.977899999999999547e-01
6.168474899999999650e+01,9.997970000000000468e-01
6.168822099999999864e+01,1.002054000000000000e+00
6.169169399999999825e+01,1.000458000000000069e+00
6.169516600000000039e+01,1.001071999999999962e+00
6.169863800000000253e+01,9.994159999999999711e-01
6.170210999999999757e+01,1.001390999999999920e+00
6.170558199999999971e+01,1.000931000000000015e+00
6.170905400000000185e+01,9.996260000000000145e-01
6.171252599999999688e+01,1.001108000000000109e+00
6.171599799999999902e+01,1.002361999999999975e+00
6.171947099999999864e+01,9.988690000000000069e-01
6.172294300000000078e+01,1.001093999999999928e+00
6.172641500000000292e+01,9.990729999999999889e-01
6.172988699999999795e+01,9.997840000000000060e-01
6.173335900000000009e+01,9.999139999999999695e-01
6.173683100000000223e+01,9.987800000000000011e-01
6.174030299999999727e+01,9.993030000000000523e-01
6.174377499999999941e+01,9.989649999999999919e-01
6.174724799999999902e+01,9.986770000000000369e-01
6.175072000000000116e+01,9.983250000000000179e-01
6.175419200000000330e+01,9.997669999999999613e-01
6.175766399999999834e+01,1.000714000000000103e+00
6.176113600000000048e+01,9.996089999999999698e-01
6.176460800000000262e+01,9.996469999999999523e-01
6.176807999999999765e+01,1.002191999999999972e+00
6.177155199999999979e+01,1.004169000000000089e+00
6.248680999999999841e+01,9.990999999999999881e-01
6.249028200000000055e+01,1.001006000000000062e+00
6.249375400000000269e+01,9.975969999999999560e-01
6.249722599999999773e+01,1.001436999999999911e+00
6.250069799999999987e+01,1.000442000000000053e+00
6.250417000000000201e+01,9.985950000000000104e-01
6.250764199999999704e+01,1.000377000000000072e+00
6.251111399999999918e+01,9.986180000000000057e-01
6.251458699999999880e+01,1.000356999999999941e+00
6.251805900000000094e+01,1.002598000000000100e+00
6.252153100000000308e+01,1.001047000000000020e+00
6.252500299999999811e+01,1.002453000000000038e+00
6.252847500000000025e+01,1.000828000000000051e+00
6.253194700000000239e+01,9.985559999999999992e-01
6.253541899999999742e+01,9.963729999999999531e-01
6.253889099999999956e+01,1.000202999999999953e+00
6.254236399999999918e+01,1.000998999999999972e+00
6.254583600000000132e+01,9.999569999999999848e-01
6.254930800000000346e+01,9.996180000000000065e-01
6.255277999999999849e+01,9.988850000000000229e-01
6.255625200000000063e+01,9.990090000000000359e-01
6.255972400000000277e+01,1.001182000000000016e+00
6.256319599999999781e+01,1.000939000000000023e+00
6.256666799999999995e+01,9.980200000000000182e-01
6.257014099999999956e+01,9.969580000000000108e-01
6.257361300000000170e+01,1.000502000000000002e+00
6.257708499999999674e+01,1.001602000000000103e+00
6.258055699999999888e+01,1.000661999999999940e+00
6.258402900000000102e+01,1.001921000000000062e+00
6.258750100000000316e+01,1.004812999999999956e+00
6.259097299999999819e+01,9.997880000000000100e-01
6.259444500000000033e+01,9.986899999999999666e-01
6.259791799999999995e+01,1.001184999999999992e+00
6.260139000000000209e+01,9.994579999999999576e-01
6.260486199999999712e+01,9.990799999999999681e-01
6.260833399999999926e+01,9.995889999999999498e-01
6.261180600000000140e+01,9.972029999999999506e-01
6.261527800000000354e+01,9.992579999999999796e-01
6.261874999999999858e+01,9.998280000000000500e-01
6.262222200000000072e+01,9.998529999999999918e-01
6.262569400000000286e+01,1.001376999999999962e+00
6.262916700000000247e+01,9.990109999999999824e-01
6.263263899999999751e+01,1.001244000000000023e+00
6.263611099999999965e+01,1.000793999999999961e+00
6.351108599999999882e+01,1.000758000000000036e+00
6.351455800000000096e+01,9.990729999999999889e-01
6.351803000000000310e+01,1.001530000000000031e+00
6.352150199999999813e+01,9.965509999999999646e-01
6.352497400000000027e+01,9.981379999999999697e-01
6.352844600000000241e+01,9.981250000000000400e-01
6.353191799999999745e+01,1.001808000000000032e+00
6.353539099999999706e+01,9.996000000000000441e-01
6.353886299999999920e+01,1.002939000000000025e+00
6.354233500000000134e+01,1.001413000000000109e+00
6.354580700000000348e+01,9.982389999999999874e-01
6.354927899999999852e+01,1.003460999999999936e+00
6.355275100000000066e+01,1.000463000000000102e+00
6.355622300000000280e+01,1.002221000000000029e+00
6.355969499999999783e+01,9.971510000000000096e-01
6.356316699999999997e+01,1.000110999999999972e+00
6.356663999999999959e+01,9.968420000000000059e-01
6.357011200000000173e+01,9.968879999999999963e-01
6.357358399999999676e+01,1.002669000000000032e+00
6.357705599999999890e+01,1.004165999999999892e+00
6.358052800000000104e+01,1.001150999999999902e+00
6.358400000000000318e+01,9.968890000000000251e-01
6.358747199999999822e+01,1.000599999999999934e+00
6.359094400000000036e+01,9.985089999999999799e-01
6.359441699999999997e+01,1.000272999999999968e+00
6.359788900000000211e+01,1.000323000000000073e+00
6.360136099999999715e+01,1.003360999999999947e+00
6.360483299999999929e+01,9.996699999999999475e-01
6.360830500000000143e+01,9.982750000000000234e-01
6.361177699999999646e+01,9.995279999999999720e-01
6.361524899999999860e+01,9.993260000000000476e-01
6.361872100000000074e+01,1.001239999999999908e+00
6.362219400000000036e+01,1.003208000000000100e+00
6.362566600000000250e+01,9.989149999999999974e-01
6.362913799999999753e+01,9.997629999999999573e-01
6.363260999999999967e+01,9.964720000000000244e-01
6.363608200000000181e+01,9.999780000000000335e-01
6.363955399999999685e+01,1.001513000000000098e+00
6.364302599999999899e+01,9.963279999999999914e-01
6.364649800000000113e+01,9.990890000000000049e-01
6.364997100000000074e+01,9.969170000000000531e-01
6.365344300000000288e+01,9.979500000000000037e-01
6.365691499999999792e+01,9.999139999999999695e-01
6.366038700000000006e+01,9.977430000000000465e-01
6.366385900000000220e+01,9.994849999999999568e-01
6.366733099999999723e+01,1.004253999999999980e+00
6.367080299999999937e+01,1.001649999999999929e+00
6.367427500000000151e+01,1.003395999999999955e+00
6.367774800000000113e+01,9.995450000000000168e-01
6.368122000000000327e+01,9.998540000000000205e-01
6.368469199999999830e+01,1.001298999999999939e+00
6.368816400000000044e+01,1.000712000000000046e+00
6.369163600000000258e+01,1.001533999999999924e+00
6.369510799999999762e+01,1.001687999999999912e+00
6.369857999999999976e+01,9.991670000000000273e-01
6.370205200000000190e+01,1.000243999999999911e+00
6.370552500000000151e+01,1.000331999999999999e+00
6.370899699999999655e+01,9.994589999999999863e-01
6.371246899999999869e+01,1.000763000000000069e+00
6.371594100000000083e+01,9.982839999999999492e-01
6.371941300000000297e+01,9.953870000000000218e-01
6.372288499999999800e+01,1.001932999999999963e+00
6.372635700000000014e+01,9.984760000000000302e-01
6.372982900000000228e+01,9.976969999999999450e-01
6.373330099999999732e+01,9.955009999999999692e-01
6.373677399999999693e+01,9.994610000000000438e-01
6.374024599999999907e+01,1.000475000000000003e+00
6.374371800000000121e+01,1.000313999999999925e+00
6.374719000000000335e+01,1.001714999999999911e+00
6.375066199999999839e+01,1.002254999999999896e+00
6.375413400000000053e+01,1.000042000000000098e+00
6.375760600000000267e+01,9.963899999999999979e-01
6.376107799999999770e+01,1.000566999999999984e+00
6.376455099999999732e+01,1.003576999999999941e+00
6.376802299999999946e+01,1.000412999999999997e+00
6.377149500000000160e+01,9.995610000000000328e-01
6.377496699999999663e+01,1.001541999999999932e+00
6.377843899999999877e+01,1.005181000000000102e+00
6.378191100000000091e+01,9.993790000000000173e-01
6.378538300000000305e+01,9.990909999999999513e-01
6.378885499999999809e+01,1.000963000000000047e+00
6.379232799999999770e+01,1.002178999999999931e+00
6.379579999999999984e+01,1.003408000000000078e+00
6.379927200000000198e+01,1.000415999999999972e+00
6.380274399999999702e+01,9.993729999999999558e-01
6.380621599999999916e+01,9.972130000000000161e-01
6.380968800000000130e+01,9.988110000000000044e-01
6.381316000000000344e+01,1.000580999999999943e+00
6.381663199999999847e+01,9.975570000000000270e-01
6.382010499999999809e+01,1.002218999999999971e+00
6.382357700000000023e+01,1.001616999999999980e+00
6.382704900000000237e+01,1.001336000000000004e+00
6.442425400000000479e+01,1.003624000000000072e+00
6.442772600000000693e+01,1.000512999999999986e+00
6.443119799999999486e+01,9.999679999999999680e-01
6.443466999999999700e+01,9.954800000000000315e-01
6.443814199999999914e+01,1.000667999999999891e+00
6.444161400000000128e+01,1.000663999999999998e+00
6.444508700000000090e+01,1.001582999999999890e+00
6.444855900000000304e+01,1.001422999999999952e+00
6.445203100000000518e+01,9.996680000000000010e-01
6.445550299999999311e+01,9.949400000000000466e-01
6.446244699999999739e+01,1.000375000000000014e+00
6.446591899999999953e+01,1.000256999999999952e+00
6.446939100000000167e+01,1.003762999999999961e+00
6.447286400000000128e+01,1.000612000000000057e+00
6.447633600000000342e+01,9.982419999999999627e-01
6.447980800000000556e+01,1.000321999999999933e+00
6.448327999999999349e+01,9.969890000000000141e-01
6.448675199999999563e+01,9.991050000000000209e-01
6.449022399999999777e+01,1.000250000000000083e+00
6.449369599999999991e+01,9.997340000000000115e-01
6.449716800000000205e+01,1.000197000000000003e+00
6.450064000000000419e+01,9.981630000000000225e-01
6.450411300000000381e+01,1.000601000000000074e+00
6.450758500000000595e+01,9.990750000000000464e-01
6.451105699999999388e+01,1.001996000000000109e+00
6.451452899999999602e+01,9.999550000000000383e-01
6.451800099999999816e+01,1.000267000000000017e+00
6.452147300000000030e+01,9.975469999999999615e-01
6.452494500000000244e+01,1.000126000000000071e+00
6.452841700000000458e+01,1.001908000000000021e+00
6.453189000000000419e+01,1.002142000000000088e+00
6.453536200000000633e+01,1.001887999999999890e+00
6.453883399999999426e+01,1.002084999999999892e+00
6.454230599999999640e+01,9.998810000000000198e-01
6.454577799999999854e+01,9.991830000000000434e-01
6.454925000000000068e+01,1.001084000000000085e+00
6.455272200000000282e+01,1.000161999999999995e+00
6.455619400000000496e+01,1.000607999999999942e+00
6.455966700000000458e+01,1.000540999999999903e+00
6.456313900000000672e+01,1.000034000000000090e+00
6.456661099999999465e+01,9.988510000000000444e-01
6.457008299999999679e+01,1.000172000000000061e+00
6.457355499999999893e+01,1.002793999999999963e+00
6.457702700000000107e+01,9.992280000000000051e-01
6.458049900000000321e+01,9.996770000000000378e-01
6.458397100000000535e+01,9.996760000000000090e-01
6.458744400000000496e+01,9.994610000000000438e-01
6.459091600000000710e+01,1.000650999999999957e+00
6.459438799999999503e+01,9.979090000000000460e-01
6.459785999999999717e+01,9.994189999999999463e-01
6.460133199999999931e+01,9.991240000000000121e-01
6.460480400000000145e+01,9.987930000000000419e-01
6.460827600000000359e+01,9.994920000000000471e-01
6.461174800000000573e+01,9.980179999999999607e-01
6.461522100000000535e+01,9.996279999999999610e-01
6.461869299999999328e+01,9.995530000000000248e-01
6.462216499999999542e+01,1.001152999999999960e+00
6.462563699999999756e+01,9.976589999999999625e-01
6.462910899999999970e+01,1.001597999999999988e+00
6.463258100000000184e+01,9.995990000000000153e-01
6.463605300000000398e+01,9.992769999999999708e-01
6.463952500000000612e+01,9.982029999999999514e-01
6.464299800000000573e+01,9.995659999999999545e-01
6.464646999999999366e+01,9.980299999999999727e-01
6.464994199999999580e+01,1.002091999999999983e+00
6.465341399999999794e+01,1.001743999999999968e+00
6.465688600000000008e+01,9.993530000000000468e-01
6.466035800000000222e+01,1.001546999999999965e+00
6.466383000000000436e+01,9.994579999999999576e-01
6.466730200000000650e+01,1.001549000000000023e+00
6.467077399999999443e+01,1.001568999999999932e+00
6.467424699999999405e+01,1.000016000000000016e+00
6.467771899999999619e+01,1.000653000000000015e+00
6.468119099999999833e+01,9.988839999999999941e-01
6.468466300000000047e+01,1.002326999999999968e+00
6.468813500000000261e+01,1.001895999999999898e+00
6.469160700000000475e+01,9.994340000000000446e-01
6.469507900000000689e+01,1.000536000000000092e+00
6.469855099999999481e+01,9.995549999999999713e-01
6.470202399999999443e+01,1.000971999999999973e+00
6.470549599999999657e+01,9.956690000000000262e-01
6.470896799999999871e+01,9.990580000000000016e-01
6.471244000000000085e+01,9.993419999999999526e-01
6.471591200000000299e+01,1.002728999999999981e+00
6.471938400000000513e+01,9.969860000000000388e-01
6.472285599999999306e+01,9.981370000000000520e-01
6.472632799999999520e+01,9.983929999999999749e-01
6.472980099999999481e+01,1.003130999999999995e+00
6.473327299999999696e+01,9.969940000000000468e-01
6.473674499999999910e+01,1.001119000000000092e+00
6.474021700000000124e+01,9.990440000000000431e-01
6.474368900000000338e+01,1.000580999999999943e+00
6.474716100000000552e+01,1.000777999999999945e+00
6.475063299999999344e+01,1.001249999999999973e+00
6.475410499999999558e+01,9.991229999999999833e-01
6.475757799999999520e+01,9.984450000000000269e-01
6.476104999999999734e+01,9.991079999999999961e-01
6.476452199999999948e+01,1.004281999999999897e+00
6.476799400000000162e+01,9.990010000000000279e-01
6.477146600000000376e+01,1.000849000000000100e+00
6.477493800000000590e+01,1.000350000000000072e+00
6.477840999999999383e+01,9.962860000000000049e-01
6.478188199999999597e+01,1.001254000000000088e+00
6.478535499999999558e+01,9.981210000000000360e-01
6.478882699999999772e+01,1.002056999999999976e+00
6.479229899999999986e+01,1.000143000000000004e+00
6.479577100000000200e+01,9.993370000000000308e-01
6.479924300000000414e+01,1.003025999999999973e+00
6.480271500000000628e+01,1.000345999999999957e+00
6.480618699999999421e+01,9.986720000000000041e-01
6.480965899999999635e+01,9.979430000000000245e-01
6.481313199999999597e+01,1.002057999999999893e+00
6.481660399999999811e+01,9.997489999999999988e-01
6.482007600000000025e+01,9.942069999999999519e-01
6.548672299999999780e+01,9.915300000000000225e-01
6.549019499999999994e+01,9.954180000000000250e-01
6.549366700000000208e+01,9.944800000000000306e-01
6.549714000000000169e+01,9.998489999999999878e-01
6.550061200000000383e+01,1.003821999999999992e+00
6.550408400000000597e+01,1.002332000000000001e+00
6.550755599999999390e+01,1.000221999999999944e+00
6.551102799999999604e+01,1.003007999999999900e+00
6.551449999999999818e+01,9.984490000000000309e-01
6.551797200000000032e+01,1.001052000000000053e+00
6.552144400000000246e+01,1.000777000000000028e+00
6.552491700000000208e+01,1.000107999999999997e+00
6.552838900000000422e+01,9.977970000000000450e-01
6.553186100000000636e+01,9.989670000000000494e-01
6.553533299999999429e+01,1.001840999999999982e+00
6.553880499999999643e+01,9.997160000000000490e-01
6.554227699999999857e+01,9.939820000000000322e-01
6.554574900000000071e+01,9.999879999999999880e-01
6.554922100000000285e+01,9.986810000000000409e-01
6.555269400000000246e+01,9.963859999999999939e-01
6.555616600000000460e+01,9.982140000000000457e-01
6.555963800000000674e+01,1.002779000000000087e+00
6.556310999999999467e+01,9.992130000000000178e-01
6.556658199999999681e+01,1.004847000000000046e+00
6.557005399999999895e+01,1.002760000000000096e+00
6.557352600000000109e+01,1.002469999999999972e+00
6.557699800000000323e+01,9.941969999999999974e-01
6.558047100000000285e+01,1.001254000000000088e+00
6.558394300000000499e+01,9.975810000000000510e-01
6.558741499999999292e+01,1.001532000000000089e+00
6.559088699999999506e+01,1.001948000000000061e+00
6.559435899999999720e+01,1.000180000000000069e+00
6.559783099999999934e+01,1.004213999999999940e+00
6.560130300000000148e+01,1.000361999999999973e+00
6.560477500000000362e+01,1.000040000000000040e+00
6.560824700000000576e+01,9.976629999999999665e-01
6.561172000000000537e+01,9.974490000000000300e-01
6.561519199999999330e+01,9.988960000000000061e-01
6.561866399999999544e+01,1.000213000000000019e+00
6.562213599999999758e+01,1.000037000000000065e+00
6.562560799999999972e+01,9.999240000000000350e-01
6.562908000000000186e+01,9.971950000000000536e-01
6.635475399999999979e+01,9.993319999999999981e-01
6.635822600000000193e+01,9.999270000000000103e-01
6.636169800000000407e+01,9.987460000000000226e-01
6.636517000000000621e+01,9.991809999999999858e-01
6.636864199999999414e+01,1.001705999999999985e+00
6.637211399999999628e+01,1.002628999999999992e+00
6.637558699999999590e+01,1.000027999999999917e+00
6.637905899999999804e+01,1.000717999999999996e+00
6.638253100000000018e+01,1.001440000000000108e+00
6.638600300000000232e+01,1.001125999999999960e+00
6.638947500000000446e+01,1.002788000000000013e+00
6.639294700000000660e+01,1.000471000000000110e+00
6.639641899999999453e+01,1.000594999999999901e+00
6.639989099999999667e+01,1.000669999999999948e+00
6.640336299999999881e+01,9.996580000000000465e-01
6.640683599999999842e+01,1.000121999999999955e+00
6.641030800000000056e+01,1.000639999999999974e+00
6.641378000000000270e+01,1.001082000000000027e+00
6.641725200000000484e+01,9.998540000000000205e-01
6.642072400000000698e+01,9.993170000000000108e-01
6.642419599999999491e+01,9.987019999999999786e-01
6.642766799999999705e+01,9.998540000000000205e-01
6.643113999999999919e+01,1.000107000000000079e+00
6.643461299999999881e+01,9.991010000000000169e-01
6.643808500000000095e+01,9.997620000000000395e-01
6.644155700000000309e+01,1.001503999999999950e+00
6.644502900000000523e+01,1.001074999999999937e+00
6.644850099999999316e+01,9.996920000000000250e-01
6.645197299999999530e+01,1.002210999999999963e+00
6.645544499999999744e+01,1.001155999999999935e+00
6.645891699999999958e+01,1.000804999999999945e+00
6.646238999999999919e+01,9.981210000000000360e-01
6.646586200000000133e+01,9.953549999999999898e-01
6.646933400000000347e+01,9.945850000000000524e-01
6.647280600000000561e+01,9.950510000000000188e-01
6.647627799999999354e+01,9.943969999999999754e-01
6.647974999999999568e+01,9.944779999999999731e-01
6.648322199999999782e+01,9.927749999999999631e-01
6.648669399999999996e+01,9.922929999999999806e-01
6.649016699999999958e+01,9.948139999999999761e-01
6.649363900000000172e+01,9.939259999999999762e-01
6.649711100000000386e+01,9.958080000000000265e-01
6.650058300000000600e+01,1.000370999999999899e+00
6.650405499999999392e+01,1.000412000000000079e+00
6.650752699999999606e+01,9.998899999999999455e-01
6.651099899999999820e+01,1.000955000000000039e+00
6.651447100000000034e+01,9.984399999999999942e-01
6.651794399999999996e+01,1.000456000000000012e+00
6.652141600000000210e+01,9.993699999999999806e-01
6.652488800000000424e+01,1.001705000000000068e+00
6.652836000000000638e+01,1.000871000000000066e+00
6.653183199999999431e+01,1.000466999999999995e+00
6.653530399999999645e+01,9.998550000000000493e-01
6.653877599999999859e+01,9.961149999999999727e-01
6.654224800000000073e+01,9.980799999999999672e-01
6.654572100000000034e+01,9.992590000000000083e-01
6.654919300000000248e+01,9.965979999999999839e-01
6.655266500000000462e+01,9.976650000000000240e-01
6.655613700000000676e+01,9.984629999999999894e-01
6.655960899999999469e+01,9.995460000000000456e-01
6.656308099999999683e+01,1.000920000000000032e+00
6.656655299999999897e+01,1.004828000000000054e+00
6.657002500000000111e+01,9.998059999999999725e-01
6.657349700000000325e+01,1.000366000000000088e+00
6.657697000000000287e+01,1.000563000000000091e+00
6.658044200000000501e+01,1.002857000000000109e+00
6.658391399999999294e+01,1.002150000000000096e+00
6.658738599999999508e+01,1.000377000000000072e+00
6.659085799999999722e+01,9.976030000000000175e-01
6.659432999999999936e+01,9.984929999999999639e-01
6.659780200000000150e+01,9.996800000000000130e-01
6.660127400000000364e+01,1.000475000000000003e+00
6.660474700000000325e+01,9.991349999999999953e-01
6.660821900000000539e+01,9.980139999999999567e-01
6.661169099999999332e+01,9.991839999999999611e-01
6.661516299999999546e+01,9.944260000000000321e-01
6.661863499999999760e+01,9.997779999999999445e-01
6.662210699999999974e+01,1.002119999999999900e+00
6.662557900000000188e+01,1.000928000000000040e+00
6.675404799999999739e+01,1.006380000000000052e+00
6.675751999999999953e+01,9.973670000000000035e-01
6.676099200000000167e+01,9.994279999999999831e-01
6.676446400000000381e+01,1.000769000000000020e+00
6.676793600000000595e+01,1.001602000000000103e+00
6.677140799999999388e+01,1.002323999999999993e+00
6.677488099999999349e+01,9.988789999999999614e-01
6.677835299999999563e+01,9.996530000000000138e-01
6.678182499999999777e+01,9.998949999999999783e-01
6.678529699999999991e+01,1.000234999999999985e+00
6.678876900000000205e+01,9.961379999999999679e-01
6.679224100000000419e+01,9.978909999999999725e-01
6.679571300000000633e+01,1.000523000000000051e+00
6.679918499999999426e+01,1.003036999999999956e+00
6.680265799999999388e+01,9.992670000000000163e-01
6.680612999999999602e+01,1.001119000000000092e+00
6.680960199999999816e+01,9.980959999999999832e-01
6.681307400000000030e+01,1.005744999999999889e+00
6.733389200000000585e+01,1.000042000000000098e+00
6.733736399999999378e+01,9.983220000000000427e-01
6.734083699999999340e+01,1.001813999999999982e+00
6.734430899999999554e+01,1.001614999999999922e+00
6.734778099999999768e+01,1.004858000000000029e+00
6.735125299999999982e+01,9.971069999999999656e-01
6.735472500000000196e+01,9.983800000000000452e-01
6.735819700000000410e+01,9.981879999999999642e-01
6.736166900000000624e+01,9.974229999999999485e-01
6.736514099999999416e+01,1.003060999999999980e+00
6.736861299999999630e+01,1.001705000000000068e+00
6.737208599999999592e+01,1.001770999999999967e+00
6.737555799999999806e+01,1.001182000000000016e+00
6.737903000000000020e+01,1.001174999999999926e+00
6.738250200000000234e+01,9.979710000000000525e-01
6.738597400000000448e+01,9.970809999999999951e-01
6.738944600000000662e+01,9.960090000000000332e-01
6.739291799999999455e+01,9.983109999999999484e-01
6.739638999999999669e+01,1.002204000000000095e+00
6.739986299999999630e+01,9.993809999999999638e-01
6.740333499999999844e+01,1.002556000000000003e+00
6.740680700000000058e+01,9.982659999999999867e-01
6.741027900000000272e+01,9.993360000000000021e-01
6.741375100000000486e+01,9.996570000000000178e-01
6.741722300000000700e+01,1.001587999999999923e+00
6.742069499999999493e+01,9.990229999999999944e-01
6.742416699999999707e+01,1.001400000000000068e+00
6.742763999999999669e+01,9.992250000000000298e-01
6.743111199999999883e+01,1.002434999999999965e+00
6.743458400000000097e+01,1.001074000000000019e+00
6.743805600000000311e+01,9.988620000000000276e-01
6.744152800000000525e+01,1.000980999999999899e+00
6.745194399999999746e+01,9.979379999999999917e-01
6.745541699999999707e+01,1.000704000000000038e+00
6.745888899999999921e+01,9.989320000000000421e-01
6.746236100000000135e+01,9.977989999999999915e-01
6.746583300000000349e+01,9.958139999999999770e-01
6.746930500000000563e+01,9.973199999999999843e-01
6.747277699999999356e+01,1.002841000000000093e+00
6.747624899999999570e+01,1.002232000000000012e+00
6.747972099999999784e+01,1.002375999999999934e+00
6.748319399999999746e+01,1.000663000000000080e+00
6.748666599999999960e+01,1.000121999999999955e+00
6.749013800000000174e+01,9.994809999999999528e-01
6.749361000000000388e+01,9.974889999999999590e-01
6.749708200000000602e+01,1.000682999999999989e+00
6.750055399999999395e+01,1.005867999999999984e+00
6.750402599999999609e+01,1.006299999999999972e+00
6.750749799999999823e+01,1.003260999999999958e+00
6.751097000000000037e+01,1.001972000000000085e+00
6.751444299999999998e+01,1.000939000000000023e+00
6.751791500000000212e+01,1.000955000000000039e+00
6.752138700000000426e+01,9.996260000000000145e-01
6.752485900000000640e+01,9.998730000000000118e-01
6.752833099999999433e+01,1.000313000000000008e+00
6.753180299999999647e+01,9.988740000000000396e-01
6.753527499999999861e+01,9.989989999999999704e-01
6.753874700000000075e+01,1.001325999999999938e+00
6.754222000000000037e+01,9.967249999999999721e-01
6.754569200000000251e+01,1.000410999999999939e+00
6.754916400000000465e+01,9.990839999999999721e-01
6.755263600000000679e+01,1.001179000000000041e+00
6.755610799999999472e+01,1.001211999999999991e+00
6.755957999999999686e+01,9.988939999999999486e-01
6.756305199999999900e+01,9.991750000000000353e-01
6.756652400000000114e+01,1.000172999999999979e+00
6.756999700000000075e+01,9.994070000000000453e-01
6.757346900000000289e+01,1.000229999999999952e+00
6.757694100000000503e+01,1.000577999999999967e+00
6.758041299999999296e+01,1.001260999999999957e+00
6.758388499999999510e+01,1.000747999999999971e+00
6.758735699999999724e+01,1.001621000000000095e+00
6.759082899999999938e+01,9.984239999999999782e-01
6.759430100000000152e+01,1.003608000000000056e+00
6.759777400000000114e+01,1.001384999999999970e+00
6.760124600000000328e+01,9.988939999999999486e-01
6.760471800000000542e+01,1.000604000000000049e+00
6.760818999999999335e+01,9.998590000000000533e-01
6.761166199999999549e+01,9.967829999999999746e-01
6.761513399999999763e+01,9.985899999999999777e-01
6.761860599999999977e+01,1.001390999999999920e+00
6.762207800000000191e+01,1.000790999999999986e+00
6.762555100000000152e+01,1.000119999999999898e+00
6.762902300000000366e+01,9.991079999999999961e-01
6.763249500000000580e+01,9.996080000000000521e-01
6.763596699999999373e+01,1.000745999999999913e+00
6.763943899999999587e+01,9.996479999999999810e-01
6.764291099999999801e+01,1.000372000000000039e+00
6.764638300000000015e+01,9.987939999999999596e-01
6.764985500000000229e+01,9.959689999999999932e-01
6.765332800000000191e+01,1.005020999999999942e+00
6.765680000000000405e+01,1.001190000000000024e+00
6.766027200000000619e+01,1.001020000000000021e+00
6.766374399999999412e+01,1.001044000000000045e+00
6.766721599999999626e+01,9.983079999999999732e-01
6.767068799999999840e+01,9.988719999999999821e-01
6.767416000000000054e+01,9.982849999999999779e-01
6.767763200000000268e+01,9.996399999999999730e-01
6.768110400000000482e+01,9.991830000000000434e-01
6.768457700000000443e+01,9.996159999999999490e-01
6.768804900000000657e+01,1.002704000000000040e+00
6.769152099999999450e+01,9.989639999999999631e-01
6.769499299999999664e+01,1.001548000000000105e+00
6.769846499999999878e+01,9.982910000000000394e-01
6.770193700000000092e+01,1.001597999999999988e+00
6.770540900000000306e+01,9.980630000000000335e-01
6.770888100000000520e+01,9.975399999999999823e-01
6.771235400000000482e+01,9.996439999999999770e-01
6.771582600000000696e+01,1.000531000000000059e+00
6.771929799999999489e+01,1.000056999999999974e+00
6.772276999999999703e+01,1.000728999999999980e+00
6.772624199999999917e+01,9.995070000000000343e-01
6.772971400000000131e+01,9.981459999999999777e-01
6.773318600000000345e+01,1.002148000000000039e+00
6.773665800000000559e+01,1.001816999999999958e+00
6.774013100000000520e+01,9.969109999999999916e-01
6.774360299999999313e+01,1.001525999999999916e+00
6.774707499999999527e+01,1.001886000000000054e+00
6.775054699999999741e+01,1.000045999999999990e+00
6.775401899999999955e+01,1.001270000000000104e+00
6.775749100000000169e+01,9.981189999999999785e-01
6.776096300000000383e+01,9.990189999999999904e-01
6.776443500000000597e+01,1.000231000000000092e+00
6.776790800000000559e+01,1.000839000000000034e+00
6.777137999999999352e+01,1.002078999999999942e+00
6.777485199999999566e+01,1.000677999999999956e+00
6.777832399999999780e+01,1.003111000000000086e+00
6.778179599999999994e+01,9.984549999999999814e-01
6.778526800000000208e+01,1.000337999999999949e+00
6.778874000000000422e+01,9.977669999999999595e-01
6.779221200000000636e+01,9.992069999999999563e-01
6.779568500000000597e+01,1.000345000000000040e+00
6.779915699999999390e+01,9.990489999999999648e-01
6.780262899999999604e+01,9.993119999999999781e-01
6.780610099999999818e+01,1.000572999999999935e+00
6.780957300000000032e+01,9.996610000000000218e-01
6.872968500000000347e+01,9.977719999999999922e-01
6.873315800000000309e+01,9.992170000000000218e-01
6.873663000000000523e+01,1.002405999999999908e+00
6.874010199999999315e+01,9.970120000000000093e-01
6.874357399999999529e+01,9.988029999999999964e-01
6.874704599999999743e+01,1.000119999999999898e+00
6.875051799999999957e+01,1.002132000000000023e+00
6.875399000000000171e+01,1.002183000000000046e+00
6.875746200000000385e+01,9.986479999999999801e-01
6.876093500000000347e+01,1.004999999999999893e+00
6.876440700000000561e+01,9.997169999999999668e-01
6.876787899999999354e+01,9.998879999999999990e-01
6.877135099999999568e+01,9.988179999999999836e-01
6.877482299999999782e+01,9.986810000000000409e-01
6.877829499999999996e+01,1.000078999999999940e+00
6.878176700000000210e+01,1.001163999999999943e+00
6.949702399999999614e+01,9.987620000000000386e-01
6.950049699999999575e+01,9.969400000000000484e-01
6.950396899999999789e+01,1.002847000000000044e+00
6.950744100000000003e+01,1.004113000000000033e+00
6.951091300000000217e+01,1.002852000000000077e+00
6.951438500000000431e+01,9.959780000000000300e-01
6.951785700000000645e+01,1.000593000000000066e+00
6.952132899999999438e+01,9.978230000000000155e-01
6.952480099999999652e+01,1.002961999999999909e+00
6.952827399999999614e+01,9.971139999999999448e-01
6.953174599999999828e+01,1.000215999999999994e+00
6.953521800000000042e+01,9.969609999999999861e-01
6.953869000000000256e+01,1.000911000000000106e+00
6.954216200000000470e+01,9.982330000000000370e-01
6.954563400000000684e+01,9.972950000000000426e-01
6.954910599999999476e+01,9.978489999999999860e-01
6.955257799999999690e+01,9.984260000000000357e-01
6.955605099999999652e+01,1.000062000000000006e+00
6.955952299999999866e+01,1.001819999999999933e+00
6.956299500000000080e+01,9.992090000000000138e-01
6.956646700000000294e+01,1.000483999999999929e+00
6.956993900000000508e+01,9.999099999999999655e-01
6.957341099999999301e+01,1.001020000000000021e+00
6.957688299999999515e+01,1.001238000000000072e+00
6.958035499999999729e+01,1.001800000000000024e+00
6.958382699999999943e+01,1.000450999999999979e+00
6.958729999999999905e+01,1.000129999999999963e+00
6.959077200000000119e+01,1.002399000000000040e+00
6.959424400000000333e+01,9.988890000000000269e-01
6.959771600000000547e+01,9.985270000000000534e-01
6.960118799999999339e+01,1.002353999999999967e+00
6.960465999999999553e+01,9.991010000000000169e-01
6.960813199999999767e+01,1.001881999999999939e+00
6.961160399999999981e+01,1.001749999999999918e+00
6.961507699999999943e+01,9.992299999999999516e-01
6.961854900000000157e+01,9.949529999999999763e-01
6.962202100000000371e+01,9.998099999999999765e-01
6.962549300000000585e+01,1.001324000000000103e+00
6.962896499999999378e+01,9.999190000000000023e-01
6.963243699999999592e+01,1.001845000000000097e+00
6.963590899999999806e+01,1.001632999999999996e+00
6.963938100000000020e+01,1.000618999999999925e+00
6.964285399999999981e+01,1.000833000000000084e+00
6.964632600000000195e+01,9.994110000000000493e-01
6.964979800000000409e+01,1.000056000000000056e+00
6.965327000000000623e+01,9.965500000000000469e-01
6.965674199999999416e+01,1.000402000000000013e+00
6.966021399999999630e+01,9.987599999999999811e-01
6.966368599999999844e+01,9.978050000000000530e-01
6.966715800000000058e+01,9.976249999999999840e-01
6.967063100000000020e+01,9.999909999999999632e-01
6.967410300000000234e+01,9.995279999999999720e-01
6.967757500000000448e+01,1.002958000000000016e+00
6.968104700000000662e+01,9.995730000000000448e-01
6.968451899999999455e+01,1.003044999999999964e+00
6.968799099999999669e+01,1.000091999999999981e+00
6.969146299999999883e+01,9.979489999999999750e-01
6.969493500000000097e+01,1.002884000000000109e+00
6.969840800000000058e+01,9.993429999999999813e-01
6.970188000000000272e+01,1.000542000000000042e+00
6.970535200000000486e+01,9.980649999999999800e-01
6.970882400000000700e+01,1.000299000000000049e+00
6.971229599999999493e+01,1.001813000000000065e+00
6.971576799999999707e+01,1.000539000000000067e+00
6.971923999999999921e+01,1.001962000000000019e+00
6.972271200000000135e+01,9.992229999999999723e-01
6.972618400000000349e+01,9.998230000000000173e-01
6.972965700000000311e+01,9.973189999999999555e-01
6.973312900000000525e+01,9.998869999999999703e-01
6.973660099999999318e+01,1.001390999999999920e+00
6.974007299999999532e+01,9.997329999999999828e-01
6.974354499999999746e+01,9.989329999999999599e-01
6.974701699999999960e+01,9.992959999999999621e-01
6.975048900000000174e+01,1.001910000000000078e+00
6.975396100000000388e+01,1.002626999999999935e+00
6.975743400000000349e+01,9.959759999999999724e-01
6.976090600000000563e+01,9.988749999999999574e-01
6.976437799999999356e+01,9.991999999999999771e-01
6.976784999999999570e+01,1.000725000000000087e+00
6.977132199999999784e+01,1.000758999999999954e+00
6.977479399999999998e+01,1.001279999999999948e+00
6.977826600000000212e+01,9.989970000000000239e-01
6.978173800000000426e+01,9.993659999999999766e-01
6.978521100000000388e+01,1.002181999999999906e+00
6.978868300000000602e+01,9.954140000000000210e-01
6.979215499999999395e+01,1.000143999999999922e+00
6.979562699999999609e+01,9.996880000000000210e-01
6.979909899999999823e+01,1.002477000000000062e+00
6.980257100000000037e+01,9.961179999999999479e-01
7.049005099999999402e+01,1.000386999999999915e+00
7.049352399999999363e+01,1.002377999999999991e+00
7.049699599999999577e+01,1.000901999999999958e+00
7.050046799999999791e+01,9.984629999999999894e-01
7.050394000000000005e+01,9.989869999999999584e-01
7.050741200000000219e+01,9.996920000000000250e-01
7.051088400000000433e+01,1.000140000000000029e+00
7.051435600000000647e+01,9.992710000000000203e-01
7.051782799999999440e+01,9.978920000000000012e-01
7.052129999999999654e+01,1.003068000000000071e+00
7.052477299999999616e+01,9.998329999999999718e-01
7.052824499999999830e+01,1.003735000000000044e+00
7.239971900000000460e+01,9.995950000000000113e-01
7.240319100000000674e+01,9.992290000000000338e-01
7.240666299999999467e+01,9.989740000000000286e-01
7.241013499999999681e+01,1.001246999999999998e+00
7.241360699999999895e+01,9.994680000000000231e-01
7.241707900000000109e+01,1.001036000000000037e+00
7.242055100000000323e+01,9.976530000000000120e-01
7.242402300000000537e+01,1.000785999999999953e+00
7.242749600000000498e+01,1.001141999999999976e+00
7.243096799999999291e+01,1.001241999999999965e+00
7.243443999999999505e+01,9.995659999999999545e-01
7.248999399999999582e+01,9.904610000000000358e-01
7.249346599999999796e+01,1.002877999999999936e+00
7.249693800000000010e+01,9.975549999999999695e-01
7.250388200000000438e+01,1.001646999999999954e+00
7.250735400000000652e+01,9.995500000000000496e-01
7.251082700000000614e+01,1.003117999999999954e+00
7.251429899999999407e+01,9.998359999999999470e-01
7.251777099999999621e+01,1.003100000000000103e+00
7.252124299999999835e+01,9.943870000000000209e-01
7.252471500000000049e+01,1.001017999999999963e+00
7.252818700000000263e+01,1.001255000000000006e+00
7.253165900000000477e+01,9.936920000000000197e-01
7.253513100000000691e+01,9.939219999999999722e-01
7.253860400000000652e+01,1.005187000000000053e+00
7.254207599999999445e+01,1.000680999999999932e+00
7.254554799999999659e+01,9.808489999999999709e-01
7.254901999999999873e+01,9.978749999999999565e-01
7.255249200000000087e+01,1.000196000000000085e+00
7.255596400000000301e+01,1.004229999999999956e+00
7.255943600000000515e+01,9.999280000000000390e-01
7.256290799999999308e+01,9.948909999999999698e-01
7.256638100000000691e+01,9.937500000000000222e-01
7.256985299999999484e+01,9.970299999999999718e-01
7.257332499999999698e+01,9.909499999999999975e-01
7.257679699999999912e+01,9.910700000000000065e-01
7.258026900000000126e+01,9.896350000000000424e-01
7.258374100000000340e+01,9.922220000000000484e-01
7.258721300000000554e+01,9.944110000000000449e-01
7.259068499999999347e+01,9.946840000000000126e-01
7.259415699999999561e+01,9.939590000000000369e-01
7.259762999999999522e+01,1.001052999999999971e+00
7.260110199999999736e+01,9.998620000000000285e-01
7.260457399999999950e+01,1.000445999999999946e+00
7.260804600000000164e+01,9.974499999999999478e-01
7.261151800000000378e+01,9.998510000000000453e-01
7.261499000000000592e+01,9.997430000000000483e-01
7.261846199999999385e+01,9.967899999999999539e-01
7.262193399999999599e+01,9.995619999999999505e-01
7.262540699999999561e+01,1.003260000000000041e+00
7.262887899999999775e+01,9.997430000000000483e-01
7.263235099999999989e+01,1.001206999999999958e+00
7.263582300000000203e+01,9.999649999999999928e-01
7.263929500000000417e+01,9.982269999999999754e-01
7.264276700000000631e+01,1.000504999999999978e+00
7.264623899999999423e+01,9.975330000000000030e-01
7.264971099999999637e+01,1.003160999999999969e+00
7.265318399999999599e+01,1.000505999999999895e+00
7.265665599999999813e+01,9.988270000000000204e-01
7.266012800000000027e+01,9.977369999999999850e-01
7.266360000000000241e+01,1.001268000000000047e+00
7.266707200000000455e+01,1.001892999999999923e+00
7.267054400000000669e+01,9.993400000000000061e-01
7.267401599999999462e+01,9.999890000000000168e-01
7.267748799999999676e+01,1.000539000000000067e+00
7.268096099999999637e+01,1.003413000000000110e+00
7.268443299999999851e+01,1.000256000000000034e+00
7.268790500000000065e+01,9.976120000000000543e-01
7.269137700000000279e+01,1.000737999999999905e+00
7.269484900000000493e+01,1.001204999999999901e+00
7.269832100000000707e+01,9.996559999999999890e-01
7.270179299999999500e+01,9.985330000000000039e-01
7.270526499999999714e+01,9.976899999999999658e-01
7.270873799999999676e+01,9.953619999999999690e-01
7.271220999999999890e+01,9.911710000000000242e-01
7.271568200000000104e+01,9.876939999999999609e-01
7.271915400000000318e+01,9.918940000000000534e-01
7.272262600000000532e+01,9.921130000000000226e-01
7.272609799999999325e+01,9.930259999999999643e-01
7.272956999999999539e+01,9.922590000000000021e-01
7.273304199999999753e+01,9.978259999999999907e-01
7.273651399999999967e+01,9.995110000000000383e-01
7.273998699999999928e+01,1.000688000000000022e+00
7.274345900000000142e+01,1.003227000000000091e+00
7.274693100000000356e+01,9.915920000000000289e-01
7.275040300000000570e+01,9.985279999999999712e-01
7.275387499999999363e+01,9.981449999999999489e-01
7.275734699999999577e+01,1.004958000000000018e+00
7.276081899999999791e+01,1.003508999999999984e+00
7.276776399999999967e+01,9.936289999999999845e-01
7.339274600000000248e+01,9.982419999999999627e-01
7.339621800000000462e+01,1.000146999999999897e+00
7.339969000000000676e+01,1.000251999999999919e+00
7.340316199999999469e+01,9.996530000000000138e-01
7.340663399999999683e+01,1.000728999999999980e+00
7.341010599999999897e+01,1.000542999999999960e+00
7.341357800000000111e+01,9.981210000000000360e-01
7.341705000000000325e+01,1.004664000000000001e+00
7.342052300000000287e+01,9.961400000000000254e-01
7.342399500000000501e+01,1.000520999999999994e+00
7.342746699999999294e+01,1.000728000000000062e+00
7.343093899999999508e+01,1.000936000000000048e+00
7.343441099999999722e+01,1.001533000000000007e+00
7.343788299999999936e+01,1.000183000000000044e+00
7.344135500000000150e+01,9.997939999999999605e-01
7.344482700000000364e+01,9.989670000000000494e-01
7.344830000000000325e+01,1.001751999999999976e+00
7.345177200000000539e+01,1.000081999999999915e+00
7.345524399999999332e+01,9.998449999999999838e-01
7.345871599999999546e+01,9.990860000000000296e-01
7.346218799999999760e+01,1.001702000000000092e+00
7.346565999999999974e+01,9.989839999999999831e-01
7.346913200000000188e+01,9.979299999999999837e-01
7.347260400000000402e+01,9.996969999999999468e-01
7.347607700000000364e+01,9.972860000000000058e-01
7.347954900000000578e+01,1.000575999999999910e+00
7.348302099999999371e+01,1.000089999999999923e+00
7.348649299999999585e+01,1.003117000000000036e+00
7.348996499999999799e+01,1.002226000000000061e+00
7.349343700000000013e+01,1.002334000000000058e+00
7.349690900000000227e+01,9.995579999999999465e-01
7.350038100000000441e+01,1.001198999999999950e+00
7.350385400000000402e+01,1.001033000000000062e+00
7.350732600000000616e+01,9.983779999999999877e-01
7.351079799999999409e+01,1.000115000000000087e+00
7.351426999999999623e+01,9.989630000000000454e-01
7.351774199999999837e+01,1.000906999999999991e+00
7.352121400000000051e+01,9.987359999999999571e-01
7.352468600000000265e+01,9.987279999999999491e-01
7.352815800000000479e+01,1.003481999999999985e+00
7.353163000000000693e+01,9.979890000000000150e-01
7.353510300000000655e+01,9.987890000000000379e-01
7.353857499999999447e+01,1.000475000000000003e+00
7.354204699999999661e+01,9.984349999999999614e-01
7.354551899999999875e+01,9.985110000000000374e-01
7.354899100000000089e+01,9.995180000000000176e-01
7.355246300000000303e+01,1.002359999999999918e+00
7.355593500000000518e+01,9.995739999999999625e-01
7.355940699999999310e+01,1.000108999999999915e+00
7.356288000000000693e+01,9.979010000000000380e-01
7.356635199999999486e+01,1.002286000000000010e+00
7.356982399999999700e+01,9.986650000000000249e-01
7.357329599999999914e+01,1.000242999999999993e+00
7.357676800000000128e+01,1.001101999999999936e+00
7.358024000000000342e+01,9.993880000000000541e-01
7.358371200000000556e+01,9.983910000000000284e-01
7.358718399999999349e+01,9.978500000000000147e-01
7.359412899999999524e+01,9.981339999999999657e-01
7.359760099999999738e+01,1.002332999999999918e+00
7.360107299999999952e+01,1.001519999999999966e+00
